brand,department,total_products,total_orders,total_items_sold,total_revenue,avg_sale_price,brand_return_rate,avg_profit_per_item,avg_profit_margin,min_price,max_price,avg_retail_price,avg_cost,winter_avg_sale,summer_avg_sale,daily_turnover_rate
Diesel,Men,195,1127,1134,151370.45989227295,133.4836506986532,9.44,66.79935503079442,49.98,18.0,898.0,133.48,66.68,135.89,135.45,0.573
Carhartt,Men,288,1739,1753,130001.04909038544,74.15918373667164,10.04,39.47562402333038,51.92,8.0,448.989990234375,74.16,34.68,71.58,75.0,0.8876
Calvin Klein,Men,313,1862,1885,114456.18049812317,60.719459150197906,10.08,32.36651529756891,51.75,12.0,259.989990234375,60.72,28.35,62.05,60.21,0.9525
7 For All Mankind,Men,97,592,593,92279.6301651001,155.61489066627334,9.78,74.21314826784891,47.52,50.4099998474121,398.0,155.61,81.4,150.38,159.22,0.2996
True Religion,Men,78,442,443,89312.03953933716,201.60731272988068,10.84,96.71946235802848,48.17,9.970000267028809,389.0,201.61,104.89,196.51,212.73,0.2243
Quiksilver,Men,247,1502,1515,87933.89008998871,58.042171676560294,9.24,26.587748426166158,45.51,13.279999732971191,903.0,58.04,31.45,57.06,57.99,0.7655
Tommy Hilfiger,Men,169,980,983,80775.9399433136,82.1728788843475,9.56,45.67636838507437,52.71,13.489999771118164,289.989990234375,82.17,36.5,77.05,81.62,0.4972
Volcom,Men,191,1115,1125,70624.1597442627,62.77703088378905,10.58,29.960459283134355,46.45,11.960000038146973,320.0,62.78,32.82,65.89,60.88,0.5685
Columbia,Men,158,962,970,67909.2796792984,70.00956667968909,9.48,37.670887151522905,53.66,11.25,349.95001220703125,70.01,32.34,69.81,73.72,0.4901
Orvis,Men,75,481,484,67575.0,139.6177685950414,9.3,75.0439462650078,53.29,19.0,350.0,139.62,64.57,147.88,140.36,0.2446
Jones New York,Women,141,686,687,65944.3899936676,95.98892284376652,11.5,52.245195434502214,52.95,12.5,599.0,95.99,43.74,87.64,96.63,0.3471
7 For All Mankind,Women,78,402,403,62084.60021972656,154.0560799496937,11.66,72.86722798829793,47.37,57.950000762939446,215.0,154.06,81.19,153.18,156.83,0.2039
Paul Fredrick,Men,63,390,391,61899.5,158.31074168797946,12.02,89.69521751859452,54.35,64.5,424.5,158.31,68.62,144.1,161.13,0.1978
True Religion,Women,63,314,315,59679.03002166748,189.45723816402375,9.52,90.85116496780937,48.6,38.430000305175774,695.0,189.46,98.61,190.19,199.08,0.1596
The North Face,Men,18,110,110,58875.13991546631,535.2285446860576,14.55,300.97424763866695,56.85,31.950000762939453,903.0,535.23,234.25,588.32,484.51,0.0556
Calvin Klein,Women,182,844,853,57230.300006866455,67.09296601039433,10.79,35.13880610673796,50.5,10.0,169.5,67.09,31.95,66.94,66.75,0.4317
Joe's Jeans,Men,57,353,354,56411.02992248535,159.3531918714276,9.04,73.32778676974331,46.03,88.5,210.0,159.35,86.03,155.76,159.4,0.1791
Nautica,Men,228,1330,1339,56040.31018447876,41.85236010790057,10.6,21.809184271931297,52.09,8.65999984741211,129.99000549316406,41.85,20.04,42.09,43.34,0.6769
Oakley,Men,86,513,514,54960.780071258545,106.92758768727342,12.06,58.93916721615514,52.52,20.0,300.0,106.93,47.99,109.48,111.25,0.2597
Hurley,Men,155,1004,1006,53697.21987724304,53.376958128472275,10.34,24.063435334127348,45.45,15.989999771118164,179.5,53.38,29.31,55.84,54.33,0.5091
BCBGMAXAZRIA,Women,51,263,264,53136.22006607056,201.27356085632786,13.64,111.70893486690724,54.61,25.0,448.0,201.27,89.56,205.29,201.75,0.1339
Ralph Lauren,Men,90,552,556,52196.2799577713,93.87820136289804,7.91,49.20850479811812,51.28,14.949999809265137,355.0,93.88,44.67,92.87,97.72,0.2814
Allegra K,Women,784,3838,3929,50860.920058727264,12.945003832712464,10.16,6.887057821548004,52.42,3.2799999713897705,41.630001068115234,12.95,6.06,12.98,12.86,1.9853
Anne Klein,Women,112,538,539,50677.46008300781,94.02126174955073,12.24,51.82185538042666,54.49,9.989999771118164,280.6700134277344,94.02,42.2,99.74,94.01,0.2726
G-Star,Men,64,383,383,49946.44989013672,130.40848535283735,10.7,64.19894798161313,48.72,30.0,380.0,130.41,66.21,137.2,135.99,0.1936
Dockers,Men,188,1111,1115,46505.290533065796,41.70878074714425,10.94,22.510222639486916,53.15,12.800000190734863,113.38999938964844,41.71,19.2,40.62,43.07,0.5634
Ray-Ban,Women,82,410,410,46483.50984954834,113.37441426719106,10.0,63.38452911969449,55.91,75.11000061035155,194.94999694824216,113.37,49.99,114.57,113.56,0.2072
Joseph Abboud,Men,44,261,262,45467.34998512268,173.53950376001032,10.69,101.45125851493628,58.52,25.0,417.0,173.54,72.09,182.66,165.24,0.1329
Not Your Daughter's Jeans,Women,89,435,436,44041.77999305725,101.01325686481016,8.72,46.417054142497115,45.94,30.920000076293945,150.0,101.01,54.6,103.05,101.15,0.2203
Wrangler,Men,171,1042,1047,43701.480461120605,41.73971390746954,10.98,19.694630856906855,47.21,19.989999771118164,66.12999725341797,41.74,22.05,42.12,42.19,0.5309
Kenneth Cole,Men,81,507,510,42307.75008773804,82.95637272105493,9.41,44.13516160870305,51.75,19.989999771118164,237.0,82.96,38.82,88.44,85.59,0.258
Ray-Ban,Men,53,337,337,41408.139907836914,122.87281871761691,10.68,73.78414646492337,60.15,68.69000244140625,194.94999694824216,122.87,49.09,122.01,124.82,0.1712
Arc'teryx,Men,21,126,126,40440.550033569336,320.95674629816943,11.9,181.09813036417785,56.22,65.0,625.0,320.96,139.86,312.75,385.79,0.0638
Alpha Industries,Men,24,160,161,40157.88993835449,249.4278878158663,8.07,140.13310901421727,55.39,41.25,999.0,249.43,109.29,246.14,285.69,0.0814
Levi's,Men,93,591,593,39826.17007827759,67.16048917078851,8.77,35.476347084115694,52.23,14.989999771118164,330.0,67.16,31.68,68.4,70.05,0.3004
Sutton Studio,Women,75,399,399,39027.9801902771,97.81448669242378,10.53,55.30363266484862,56.93,29.989999771118164,249.9900054931641,97.81,42.51,98.55,97.0,0.2032
Joe's Jeans,Women,52,267,267,38000.16003990173,142.32269677865824,11.99,69.39236590970442,48.55,25.0,395.0,142.32,72.93,137.64,149.53,0.1353
Roxy,Women,142,724,728,37613.18009853363,51.66645617930447,10.3,28.221543501563378,54.3,11.949999809265137,225.0,51.67,23.44,52.45,50.79,0.369
Haggar,Men,119,707,708,37456.58032035828,52.90477446378287,8.9,29.377828114411074,54.48,19.989999771118164,129.99000549316406,52.9,23.53,52.75,56.7,0.3578
O'Neill,Men,110,725,726,37456.04016113281,51.59234181974214,9.09,22.54240252120145,43.95,14.699999809265137,99.5,51.59,29.05,51.87,51.24,0.3669
Dickies,Men,141,849,855,36298.800184726715,42.45473705815991,9.71,22.172985932844497,51.51,5.989999771118164,130.99000549316406,42.45,20.28,40.77,38.85,0.4325
Levi's,Women,163,835,839,35024.48102760315,41.7455077802183,9.18,19.523769444928597,46.9,21.989999771118164,78.0,41.75,22.22,41.57,42.74,0.4246
Lucky Brand,Men,81,461,465,34951.300064086914,75.1640861593267,7.74,36.163978236121984,48.05,16.209999084472656,348.0,75.16,39.0,84.53,77.66,0.235
Woolrich,Men,48,320,321,34779.199937820435,108.34641725177715,8.1,56.45932458627275,51.08,25.0,990.0,108.35,51.89,102.26,109.17,0.1624
DC,Men,120,720,723,34386.3500328064,47.560650114531704,9.27,22.72330927246588,47.28,8.0,120.0,47.56,24.84,47.98,48.45,0.3655
Lucky Brand,Women,90,483,484,33877.310094833374,69.99444234469702,12.81,33.58181236686682,47.89,24.989999771118164,149.0,69.99,36.41,70.05,69.18,0.2446
Icebreaker,Men,47,288,290,33267.96016693115,114.71710402390052,8.97,61.06709856666714,49.38,17.0,400.0,114.72,53.65,118.12,148.1,0.1469
Mountain Hardwear,Men,33,179,179,33183.140001297,185.3806703983072,16.76,101.14587333940008,54.66,20.989999771118164,650.0,185.38,84.23,162.88,191.89,0.0905
HUGO BOSS,Men,134,801,804,33040.1902179718,41.09476395270132,10.45,22.778086346343002,52.04,9.300000190734863,283.3399963378906,41.09,18.32,43.3,39.45,0.4069
Canada Goose,Women,10,53,53,32154.790000915527,606.6941509606705,7.55,351.87821227375747,58.26,124.93000030517578,795.0,606.69,254.82,553.63,620.9,0.0269
AG Adriano Goldschmied,Men,34,208,208,32011.840019226074,153.90307701550998,12.02,74.63339660669651,48.29,66.33000183105469,215.0,153.9,79.27,151.74,155.42,0.1053
Robert Graham,Men,28,167,168,31041.59002685547,184.77136920747301,7.74,91.8304158975879,45.41,26.5,698.0,184.77,92.94,149.89,169.41,0.0852
Tommy Bahama,Men,76,477,478,30037.440076828003,62.839832796711356,12.76,32.97560265831388,53.49,10.0,168.0,62.84,29.86,66.84,63.28,0.2415
Motherhood Maternity,Women,185,970,970,30003.89965724945,30.931855316752046,9.9,17.2849281330871,55.68,1.9800000190734863,99.9800033569336,30.93,13.65,31.56,29.77,0.4911
Original Penguin,Men,62,361,361,29934.89008140564,82.92213318948926,8.31,41.86361776278312,48.01,15.0,250.0,82.92,41.06,77.54,91.65,0.1827
Mountain Hardwear,Women,33,183,183,29529.199935913086,161.36174828367803,8.74,90.12302836889091,55.61,29.93000030517578,375.0,161.36,71.24,172.47,156.34,0.0926
Michael Kors,Men,46,287,287,29526.810534477234,102.88087294242939,11.15,57.574731033445524,55.02,14.720000267028809,311.8500061035156,102.88,45.31,105.31,117.19,0.1454
The North Face,Women,18,87,87,29280.610137939453,336.55873721769484,10.34,186.17576726039792,54.73,80.0,903.0,336.56,150.38,405.0,289.45,0.0452
A:X Armani Exchange,Men,54,336,337,29229.5,86.73442136498512,9.5,43.79021220056564,48.71,22.5,228.0,86.73,42.94,82.4,79.71,0.1705
Speedo,Women,108,504,504,29049.70978164673,57.63831305882285,8.33,33.494806453489524,58.11,19.950000762939453,93.98999786376952,57.64,24.14,54.65,59.95,0.2549
SmartWool,Men,75,444,446,28729.900060653687,64.41681627949255,8.97,31.803520715747947,47.48,13.949999809265137,200.0,64.42,32.61,74.26,59.8,0.2259
Arc'teryx,Women,19,86,86,28338.0,329.5116279069768,9.3,173.70190726775604,52.38,49.0,699.0,329.51,155.81,301.27,337.58,0.0439
Fred Perry,Men,38,231,231,27822.909996032715,120.44549781832349,10.39,58.50416213400175,48.17,60.0,300.0,120.45,61.94,124.29,118.89,0.1185
Carhartt,Women,99,483,484,27751.039964675903,57.33685943114858,8.88,30.245629821164872,52.49,7.0,164.9499969482422,57.34,27.09,57.21,58.06,0.2451
American Apparel,Women,150,743,744,27168.930011749268,36.51737904805008,11.56,19.14338463234231,52.32,9.0,80.0,36.52,17.37,37.92,35.8,0.3759
PAIGE,Women,36,175,176,27117.57999420166,154.07715905796394,10.8,72.4325359269207,47.22,17.75,199.0,154.08,81.64,157.79,152.85,0.0898
Fox,Men,83,512,513,26982.64009284973,52.597738972416636,10.14,24.190267248275614,46.81,19.5,139.0,52.6,28.41,51.38,54.38,0.2599
Volcom,Women,100,506,509,26938.009969711304,52.92339876171179,10.22,27.953639573542386,52.36,13.600000381469728,119.4499969482422,52.92,24.97,51.62,51.18,0.2572
Ben Sherman,Men,27,183,183,26766.249992370605,146.26366116049513,8.2,77.26758948770947,50.28,61.9900016784668,495.0,146.26,69.0,135.49,132.64,0.0927
Pendleton,Women,45,218,218,26286.69995880127,120.58119247156553,11.47,68.43914397780304,54.73,25.0,350.0,120.58,52.14,159.68,96.65,0.1102
Perry Ellis,Men,92,532,534,26136.690181732178,48.94511269987297,9.36,26.364848089318972,54.19,13.640000343322754,230.13999938964844,48.95,22.58,49.21,58.45,0.2702
Allegra K,Men,249,1454,1466,25947.48994255066,17.699515649761672,10.44,9.32663065987702,52.63,6.739999771118164,37.799999237060554,17.7,8.37,18.06,17.08,0.7412
Trina Turk,Women,27,126,126,24993.36009979248,198.36000079200392,11.9,111.70257822764323,55.8,91.8499984741211,398.0,198.36,86.66,193.4,220.86,0.065
Oakley,Women,44,209,209,24773.699947357178,118.53444950888606,10.05,65.40942607646835,55.38,36.0,280.0,118.53,53.13,117.31,102.49,0.1058
Polo Ralph Lauren,Men,56,347,347,24475.519939422607,70.53463959487782,13.26,34.774443105624016,47.39,15.979999542236328,169.99000549316406,70.53,35.76,67.06,73.44,0.1761
Kasper,Women,31,155,155,24224.04995727539,156.28419327274443,11.61,62.077291781295244,39.66,79.93000030517578,220.0,156.28,94.21,149.64,165.92,0.0791
Columbia,Women,77,376,376,24124.799919128418,64.1617019125756,9.31,35.10038466826589,54.54,19.93000030517578,249.94999694824216,64.16,29.06,63.26,56.58,0.1903
Barbour,Men,13,78,78,23979.880004882812,307.4343590369591,3.85,166.50263199972622,54.3,98.0,449.0,307.43,140.93,320.79,292.6,0.0395
Hanes,Men,176,1053,1061,23938.300045013428,22.56201700755274,9.52,11.782103228476215,51.06,8.270000457763672,71.80000305175781,22.56,10.78,23.72,21.59,0.5361
RVCA,Men,67,392,392,23344.669971466064,59.55272951904606,8.93,27.291048075573652,45.41,27.5,155.0,59.55,32.26,56.82,58.95,0.1982
Hanro,Men,33,205,205,23256.150100708008,113.44463463760012,11.71,67.58902344412073,58.49,36.0,280.0,113.44,45.86,111.63,128.43,0.1051
Speedo,Men,87,537,538,23156.200143814087,43.041264207832896,8.36,17.696406830918008,40.49,25.0,149.9499969482422,43.04,25.34,44.54,43.66,0.2735
Tommy Hilfiger,Women,82,443,443,22307.500148773193,50.35553080987177,8.58,25.887659144175633,49.44,9.0,184.72000122070312,50.36,24.47,45.47,49.61,0.2239
Pendleton,Men,37,226,226,22287.279943466187,98.61628293569107,12.39,51.134663213863746,51.85,25.0,311.6499938964844,98.62,47.48,94.98,89.79,0.1145
French Connection,Men,31,187,187,21826.090019226074,116.71705892634273,13.37,62.11161258711157,50.79,25.0,298.0,116.72,54.61,120.76,139.44,0.0946
Scotch & Soda,Men,22,139,141,21488.249977111816,152.39893600788525,7.09,82.81858544154171,53.11,47.25,265.0,152.4,69.58,156.39,146.53,0.0715
Majestic International,Men,59,348,350,21433.06001663208,61.23731433323454,12.29,36.37232592263948,59.62,22.5,262.239990234375,61.24,24.86,66.59,56.6,0.177
Patty,Women,106,551,553,21180.670122146606,38.301392625943215,10.85,19.57714186989491,50.43,22.989999771118164,67.9800033569336,38.3,18.72,38.03,38.52,0.2796
Parker,Women,11,63,63,20942.909881591797,332.4271409776475,7.94,179.31761071532102,53.44,144.33999633789062,396.0,332.43,153.11,324.95,353.83,0.0323
IZOD,Men,87,532,532,20841.41000366211,39.175582713650584,10.9,19.734996650361936,48.93,11.899999618530272,99.98999786376952,39.18,19.44,39.53,38.44,0.2688
Calvin Klein Jeans,Men,56,309,309,20813.310028076172,67.35699038212358,10.68,33.34969160781262,48.33,29.5,225.5,67.36,34.01,70.38,68.07,0.1562
Port Authority,Men,61,372,373,20373.449973106384,54.62050931127713,11.26,30.019560518576476,53.58,5.369999885559082,310.0,54.62,24.6,50.69,53.37,0.1886
Miraclesuit,Women,32,150,150,20324.67001724243,135.49780011494948,14.0,78.14108281875019,56.93,39.0,182.0,135.5,57.36,134.98,123.28,0.0759
Champion,Men,89,564,564,20208.819814682007,35.83124080617376,9.57,19.671287006412676,53.94,8.979999542236328,293.3299865722656,35.83,16.16,33.34,35.77,0.2866
Marc New York by Andrew Marc,Men,19,105,105,20064.179946899414,191.08742806570882,12.38,104.897169308022,54.93,39.5,429.0,191.09,86.19,206.15,187.7,0.0539
J.C. Rags,Men,25,163,163,19836.660026550293,121.69730077638212,10.43,64.0180870811734,52.23,16.5,239.0,121.7,57.68,130.73,117.97,0.0831
Billabong,Men,58,350,351,19634.370029449463,55.93837615227768,13.39,24.74691753991203,43.69,26.950000762939453,169.99000549316406,55.94,31.19,56.4,55.38,0.1774
Evan Picone,Women,35,156,156,18907.930046081543,121.20467978257398,10.26,48.66920654972545,40.87,49.5,239.72000122070312,121.2,72.54,118.5,123.84,0.0799
LRG,Men,55,312,312,18795.759966611862,60.24282040580725,8.97,29.66049836814313,48.54,3.950000047683716,125.0,60.24,30.58,61.59,59.43,0.1577
Calvin Klein Jeans,Women,71,352,353,18435.730080604553,52.22586425100439,12.46,26.27233878530863,49.69,13.3100004196167,149.5,52.23,25.95,50.42,51.96,0.1792
Hudson,Men,17,114,114,18295.490158081055,160.4867557726408,5.26,76.28785995988191,47.71,57.950000762939446,213.16000366210935,160.49,84.2,162.16,160.9,0.0597
SmartWool,Women,83,399,401,18106.110083580017,45.152394223391575,11.72,24.46744518813337,54.99,14.949999809265137,200.0,45.15,20.68,51.08,41.81,0.2044
Kenneth Cole REACTION,Men,44,280,280,18021.400018692017,64.36214292390005,8.93,37.31147488487534,56.95,15.989999771118164,395.0,64.36,27.05,72.33,61.81,0.1416
Seafolly,Women,35,180,180,17970.300018310547,99.83500010172521,7.22,58.577499870785466,58.78,35.5,161.0,99.84,41.26,96.0,108.71,0.092
Natori,Women,41,205,205,17694.690017700195,86.31556106195217,8.29,35.23611338809753,42.67,18.0,170.0,86.32,51.08,81.57,101.98,0.1037
Nike,Men,62,369,370,17620.680030822754,47.62345954276419,9.46,23.213799965334847,49.48,5.949999809265137,903.0,47.62,24.41,49.48,38.6,0.1881
Faconnable,Men,14,81,81,17604.48998260498,217.33938250129611,8.64,114.99176745130256,49.47,67.12999725341797,575.0,217.34,102.35,168.17,228.35,0.0417
Diesel,Women,22,128,128,17505.919960021973,136.7649996876716,17.19,67.43248653985898,46.4,25.0,428.0,136.76,69.33,144.78,158.09,0.0652
Le Suit,Women,25,138,138,17491.749923706055,126.75181104134826,10.14,50.9935554860911,40.09,69.98999786376953,158.0,126.75,75.76,128.25,124.85,0.0712
Nike,Women,18,75,75,17335.48000907898,231.1397334543864,16.0,119.97592774612832,53.71,24.989999771118164,903.0,231.14,111.16,362.79,225.34,0.0391
Robert Rodriguez,Women,13,64,64,17300.499969482422,270.3203120231628,6.25,152.6789162813659,54.85,81.77999877929686,595.0,270.32,117.64,239.94,391.83,0.0326
Eddie Bauer,Women,43,211,211,17039.45973968506,80.75573336343626,11.85,43.43864137887308,52.67,8.949999809265137,219.0,80.76,37.32,75.97,82.68,0.1067
adidas,Men,77,478,479,17021.329928398132,35.5351355498917,10.86,19.606359302655026,54.22,7.989999771118163,149.9499969482422,35.54,15.93,36.17,36.25,0.242
Hudson,Women,21,98,98,16990.660026550293,173.37408190357445,10.2,81.50798624816328,46.82,97.98999786376952,210.0,173.37,91.87,180.68,158.06,0.05
Hot Topic,Men,68,418,421,16962.079984664917,40.28997621060552,10.45,19.003162682419095,47.46,11.859999656677246,64.5,40.29,21.29,40.62,40.38,0.2142
Buffalo by David Bitton,Men,28,176,176,16894.32000350952,95.99045456539503,11.93,44.75335748876784,46.62,31.96999931335449,129.0,95.99,51.24,98.68,101.78,0.0892
Bali,Women,89,472,472,16659.870122909546,35.296335006164306,8.9,16.742478041468544,47.81,10.5,316.6000061035156,35.3,18.55,34.98,38.28,0.2389
Kenneth Cole,Women,40,180,180,16502.189973831177,91.67883318795097,4.44,49.72431808901326,52.96,22.989999771118164,184.72000122070312,91.68,41.95,86.14,104.52,0.091
Rock Revival,Men,21,120,120,16118.449966430664,134.32041638692212,8.33,62.78535349348647,46.83,32.7599983215332,158.0,134.32,71.54,130.83,142.73,0.0606
Rebecca Minkoff,Women,11,61,61,16008.500057220459,262.43442716754845,16.39,159.43608423090282,58.86,33.11000061035156,598.0,262.43,103.0,252.18,247.62,0.0312
adidas,Women,48,223,223,15711.040021896362,70.45309426859355,12.11,39.4678494818592,56.66,11.119999885559082,903.0,70.45,30.99,87.34,68.65,0.1132
AG Adriano Goldschmied,Women,20,103,103,15494.890098571777,150.43582619972605,10.68,71.48423053296432,48.09,25.0,225.0,150.44,78.95,133.95,150.75,0.0533
Champion,Women,87,442,443,15369.359998703003,34.69381489549211,9.48,18.783039128028005,53.85,9.579999923706055,216.8000030517578,34.69,15.91,32.53,33.41,0.2242
Tahari,Women,24,104,104,15334.530055999756,147.44740438461298,13.46,58.13285580352138,39.45,50.380001068115234,196.17999267578125,147.45,89.31,147.65,156.6,0.0535
Icebreaker,Women,21,122,122,15249.440044403076,124.99541020002519,11.48,69.44775258565846,55.15,19.0,250.0,125.0,55.55,123.02,128.29,0.062
Harley-Davidson,Men,65,410,412,15183.600212097168,36.85339857305141,9.95,17.3503722346752,48.26,7.949999809265136,159.9499969482422,36.85,19.5,37.1,35.07,0.2083
FineBrandShop,Women,153,808,810,15157.899961948395,18.713456743146153,9.75,10.003548244758235,52.48,4.949999809265137,44.0,18.71,8.71,18.83,19.25,0.4095
Orvis,Women,34,159,159,14870.0,93.52201257861635,11.95,48.3941258521276,49.96,49.0,225.0,93.52,45.13,101.1,91.77,0.0812
DKNY,Men,23,147,147,14866.309913635254,101.13135995670245,9.52,61.51624953925597,58.16,10.399999618530272,295.0,101.13,39.62,110.8,82.12,0.0753
Earnest Sewn,Men,13,81,81,14644.099990844727,180.79135791166334,6.17,87.84285677291022,48.59,131.25,265.0,180.79,92.95,167.51,179.81,0.0416
MICHAEL Michael Kors,Women,19,95,95,14523.729919433594,152.88136757298523,7.37,83.19584165069097,54.71,79.16999816894531,329.989990234375,152.88,69.69,153.07,152.67,0.0487
Hurley,Women,73,325,326,14508.370031356812,44.50420255017429,12.27,23.151107793383353,51.83,22.0,89.5,44.5,21.35,44.71,44.01,0.1647
7 Diamonds,Men,15,97,98,14408.279899597168,147.0232642816038,4.08,77.2557970847049,50.86,73.02999877929686,325.0,147.02,69.77,148.82,147.46,0.0508
Geoffrey Beene,Men,68,412,413,14275.550123214722,34.56549666637947,8.72,18.082161505880297,51.89,17.989999771118164,105.26000213623048,34.57,16.48,34.15,34.64,0.2104
American Essentials,Men,33,194,194,14122.359968185425,72.79566993910014,10.82,44.146519435208816,61.03,30.0,227.63999938964844,72.8,28.65,91.74,71.74,0.0982
Wacoal,Women,63,304,305,14063.209998130798,46.10888523977311,10.82,21.925360219095136,47.62,15.0,85.0,46.11,24.18,43.95,47.04,0.1547
Woolrich,Women,33,164,164,13926.529975891113,84.91786570665316,12.2,45.57904924892917,53.63,11.989999771118164,349.0,84.92,39.34,85.61,79.09,0.083
King Formal Wear,Men,42,279,279,13824.169706344604,49.54899536324233,8.96,29.57011503809198,59.97,12.979999542236328,119.98999786376952,49.55,19.98,54.56,51.97,0.1412
French Connection,Women,26,113,113,13768.619987487793,121.84619457953804,7.08,68.1413808805335,54.06,25.0,398.0,121.85,53.7,138.05,135.38,0.0574
Filson,Men,16,94,94,13677.0,145.49999999999997,12.77,77.75494675693706,53.28,32.0,298.0,145.5,67.75,147.88,134.93,0.0481
bebe,Women,25,131,131,13428.0,102.50381679389317,6.11,51.061076384584275,49.88,59.0,198.0,102.5,51.44,98.97,110.88,0.0669
Only Hearts,Women,38,182,182,13125.910024642944,72.12038475078543,14.29,37.52045494845666,50.74,25.350000381469727,185.0,72.12,34.6,74.93,68.16,0.0922
Hot from Hollywood,Women,71,338,339,12956.610473632812,38.220089892722164,10.32,20.952060533463722,54.74,16.989999771118164,49.9900016784668,38.22,17.27,39.04,36.58,0.1714
Nine West,Women,35,176,176,12949.610122680664,73.57733024250375,7.39,34.740001122506214,51.31,14.0,169.99000549316406,73.58,38.84,66.57,65.96,0.0901
Derek Rose,Men,9,61,61,12885.0,211.22950819672135,3.28,128.11032822279287,60.86,100.0,275.0,211.23,83.12,193.37,223.89,0.0308
Fox,Women,55,247,247,12837.760032653809,51.974736974306936,12.15,27.365727851368742,52.05,22.5,99.5,51.97,24.61,52.19,52.25,0.126
KUT from the Kloth,Women,39,220,221,12725.63000869751,57.582036238450286,6.33,27.361101132549088,47.89,25.0,84.0,57.58,30.22,54.69,57.79,0.1117
MAXSTUDIO,Women,18,95,95,12716.0,133.85263157894738,9.47,73.17119990272545,52.08,58.0,348.0,133.85,60.68,122.12,164.25,0.0485
LOTUSTRADERS,Women,50,256,256,12698.4404296875,49.60328292846679,9.38,25.849430820936185,51.99,39.9900016784668,62.9900016784668,49.6,23.75,49.44,50.38,0.1298
United Face,Women,9,56,56,12614.0,225.25,10.71,121.09321453226897,53.73,119.0,339.0,225.25,104.16,239.0,225.92,0.0284
BCBGeneration,Women,31,153,153,12556.739986419678,82.07019598967108,9.15,44.39557906165614,54.23,25.0,128.0,82.07,37.67,87.91,83.9,0.0779
Ed Garments,Men,44,262,262,12345.380310058594,47.11977217579619,9.54,24.641139033390118,51.97,28.989999771118164,76.98999786376953,47.12,22.48,46.64,47.57,0.1329
Karen Kane,Women,38,179,179,12316.780010223389,68.80882687275638,10.06,38.6394237802474,54.66,13.25,218.0,68.81,30.17,69.16,69.04,0.0905
Sanctuary,Women,31,163,163,12257.170022964478,75.19736210407656,6.75,37.783386620985354,49.65,19.649999618530277,147.0,75.2,37.41,81.44,84.16,0.0825
A Pea in the Pod,Women,46,239,239,12251.0,51.25941422594144,7.95,28.788612902063875,55.94,12.0,179.5,51.26,22.47,50.49,47.27,0.1208
MANGO,Women,52,268,268,12155.320194244385,45.35567236658352,10.82,25.30964152424433,53.44,14.989999771118164,129.99000549316406,45.36,20.05,45.96,49.46,0.1356
Lee,Men,61,342,343,12115.05009651184,35.32084576242516,9.62,17.462200461538398,49.7,19.989999771118164,55.0,35.32,17.86,36.0,35.07,0.1745
GUESS,Men,18,110,110,12102.510005950928,110.02281823591753,14.55,57.80199905414699,52.15,24.950000762939453,178.0,110.02,52.22,112.74,109.44,0.0556
Juicy Couture,Women,28,130,130,12052.479919433594,92.71138399564306,10.77,47.860902679361836,51.67,44.0,158.0,92.71,44.85,89.1,92.86,0.0661
Jones New York,Men,8,52,52,11940.019821166992,229.61576579167297,11.54,139.81869776938936,60.4,82.30000305175781,279.989990234375,229.62,89.8,219.15,237.7,0.0264
Sofie,Women,22,95,95,11860.350002288818,124.84578949777703,12.63,68.04286538699661,54.16,52.0,192.5,124.85,56.8,136.23,120.5,0.0482
Jax,Women,16,90,90,11731.910011291504,130.3545556810168,10.0,70.28802931074574,53.88,79.0,178.0,130.35,60.07,120.35,129.18,0.0467
Metal Mulisha,Men,42,235,235,11708.980033874512,49.82544695265749,7.66,23.03607386796083,46.16,17.59000015258789,99.0,49.83,26.79,49.67,46.14,0.1196
Tri-Mountain,Men,34,217,217,11677.870092391968,53.8150695501934,11.52,27.550737749274948,49.98,14.989999771118164,105.75,53.82,26.26,53.42,52.42,0.1099
Cashmere Boutique,Women,11,58,58,11620.0,200.34482758620692,12.07,103.05629308608859,53.14,35.0,449.0,200.34,97.29,167.0,220.0,0.031
London Fog,Men,19,107,107,11571.43996810913,108.14429876737506,10.28,59.339157096356566,54.81,49.9900016784668,199.9900054931641,108.14,48.81,121.16,104.22,0.0541
2(x)ist,Men,56,344,345,11394.0,33.02608695652174,8.41,16.165237648110594,51.03,10.0,105.0,33.03,16.86,32.2,36.8,0.1743
Anna-Kaci,Women,104,518,518,11367.199857711792,21.944401269713882,9.07,10.875732102524667,48.33,12.899999618530272,44.900001525878906,21.94,11.07,21.5,22.01,0.2619
Ted Baker,Men,13,96,96,11359.93996810913,118.33270800113671,10.42,59.73688679123576,46.58,32.06999969482422,346.5,118.33,58.6,127.75,140.38,0.0487
Kate Spade,Women,19,88,88,11263.749977111816,127.99715883081615,9.09,72.6183588595137,56.77,58.0,228.0,128.0,55.38,120.43,115.48,0.0453
Joie,Women,21,90,90,11223.100006103516,124.70111117892793,12.22,64.71834224399569,50.04,25.0,308.0,124.7,59.98,94.14,112.68,0.0455
Tasso Elba,Men,21,115,115,11220.800045013428,97.5721743044646,8.7,57.4057602751378,57.49,47.06999969482422,139.99000549316406,97.57,40.17,89.2,97.05,0.0589
Kiyonna,Women,16,84,84,11192.0,133.23809523809524,10.71,74.75385728738978,55.53,88.0,288.0,133.24,58.48,131.95,125.0,0.0431
2b by bebe,Women,63,317,317,11156.150241851807,35.19290297114134,12.93,18.128795682005677,51.01,17.950000762939453,54.950000762939446,35.19,17.06,36.53,34.97,0.1618
Nicole Miller,Women,14,60,60,11141.440012931824,185.690666882197,6.67,98.11533711874313,53.07,14.949999809265137,550.0,185.69,87.58,227.83,148.57,0.0305
Silver Jeans,Women,34,155,155,11136.5,71.84838709677427,12.26,33.02715573583572,46.45,13.729999542236328,105.0,71.85,38.82,70.46,71.3,0.0785
Jet Lag,Men,19,99,100,11105.5,111.05499999999999,12.0,56.968794997939796,51.26,79.0,160.0,111.05,54.09,113.9,121.75,0.0512
Lilly Pulitzer,Women,19,111,111,11102.140033721924,100.0192795830804,11.71,53.65691059858124,52.55,25.0,248.0,100.02,46.36,96.86,100.95,0.0564
Jockey,Men,65,382,383,11067.0,28.895561357702338,8.09,15.059118789667492,52.45,7.0,65.0,28.9,13.84,28.98,30.39,0.1951
Ed Hardy,Men,58,338,338,11065.750164031982,32.73890581074551,8.28,16.80297900961819,53.16,13.989999771118164,219.0,32.74,15.94,33.24,36.41,0.1727
Alpinestars,Men,33,216,216,11053.879842758179,51.17536964239898,12.5,22.462143609244908,44.46,17.979999542236328,109.9499969482422,51.18,28.71,53.26,47.66,0.1093
eVogues Apparel,Women,78,371,371,10915.290168762207,29.421267301245834,8.89,15.203663698612091,51.75,14.989999771118164,49.9900016784668,29.42,14.22,29.59,30.01,0.1879
Frederick's of Hollywood,Women,47,274,274,10812.0,39.45985401459855,10.22,18.038824836743043,45.37,14.0,68.0,39.46,21.42,35.87,41.34,0.1385
Intimo,Men,28,177,177,10808.260005950928,61.063615852830075,13.56,36.4301510178859,58.45,12.989999771118164,184.94999694824216,61.06,24.63,61.64,49.67,0.0898
PUMA,Men,39,244,244,10773.320091247559,44.152951193637534,7.38,24.436278516971747,52.55,11.0,130.0,44.15,19.72,40.64,41.9,0.1235
Life Is Good,Women,46,237,238,10725.75,45.06617647058824,12.61,24.356669912007415,55.28,10.0,82.0,45.07,20.71,45.41,47.25,0.1208
Cosabella,Women,32,171,172,10685.160026550293,62.12302341017616,9.88,28.86066373916189,46.74,15.390000343322754,158.0,62.12,33.26,60.54,57.21,0.0873
US Fairytailes,Women,21,88,88,10681.120086669922,121.37636462124917,9.09,66.44380469620971,54.46,44.9900016784668,259.989990234375,121.38,54.93,121.29,114.99,0.045
laundry by SHELLI SEGAL,Women,14,60,60,10654.620040893555,177.57700068155935,8.33,100.23914344639135,56.25,112.5,270.0,177.58,77.34,194.24,166.13,0.031
Van Heusen,Men,49,303,303,10651.07010269165,35.152046543536756,10.56,16.007566127108788,45.76,14.0,54.9900016784668,35.15,19.14,34.59,36.45,0.1539
DL1961,Women,18,91,91,10640.849983215332,116.93241739797068,12.09,54.78377521388964,47.18,73.5,168.0,116.93,62.15,122.19,108.27,0.0463
Harbor Bay,Men,39,264,264,10573.9700050354,40.052916685740165,12.88,22.053274301196666,54.34,16.0,96.0,40.05,18.0,39.45,44.85,0.1335
Fruit of the Loom,Men,83,526,527,10545.15999507904,20.00979126200958,9.87,10.208239016225649,50.24,5.989999771118164,35.0,20.01,9.8,20.48,19.72,0.2663
Hanro,Women,27,126,126,10481.740005493164,83.18841274200926,9.52,36.4319560172341,44.68,24.0,163.0,83.19,46.76,80.19,99.95,0.0637
Louis Raphael,Men,27,178,178,10444.2200050354,58.67539328671572,9.55,32.311328125478134,54.7,29.989999771118164,199.9900054931641,58.68,26.36,57.83,65.7,0.0913
Flexees,Women,52,258,258,10428.270000457764,40.41965116456494,11.24,18.914000207160022,46.86,24.0,59.0,40.42,21.51,39.55,40.3,0.1306
American Apparel,Men,42,241,242,10297.0,42.549586776859485,13.22,21.151206587337338,47.57,8.0,85.0,42.55,21.4,42.0,40.33,0.1227
Silver Jeans,Men,21,117,118,10284.93998336792,87.16050833362642,13.56,40.244606113590095,46.15,58.18999862670898,100.0,87.16,46.92,86.24,86.4,0.0598
Melissa Odabash,Women,14,65,66,10272.639862060547,155.6460585160689,18.18,90.38272506348362,58.08,131.42999267578125,188.25,155.65,65.26,156.02,159.01,0.0345
Marc Ecko Cut & Sew,Men,30,177,177,10265.380058288574,57.996497504455185,9.6,29.467924337190812,49.54,22.049999237060547,149.5,58.0,28.53,59.86,54.41,0.0904
Laura,Women,63,320,321,10156.590237617493,31.640468029961024,9.35,14.99339071356403,47.43,15.949999809265137,47.950000762939446,31.64,16.65,31.39,31.48,0.1646
Hanes,Women,128,643,646,10149.91996717453,15.711950413582843,9.29,8.194033797742998,51.04,5.5,41.1599998474121,15.71,7.52,16.38,14.7,0.3266
Giorgio Cerruti,Men,23,153,155,10142.249702453613,65.43386904808784,9.03,39.20656315159932,59.9,29.950000762939453,69.94999694824219,65.43,26.23,67.05,64.43,0.079
Matix,Men,31,185,185,10126.120014190674,54.73578386049011,8.11,26.878468839118955,49.16,32.9900016784668,78.0,54.74,27.86,58.34,56.08,0.0943
Outdoor Research,Men,18,115,115,10122.79001235962,88.02426097704016,8.7,49.7067519141705,59.19,21.209999084472656,350.0,88.02,38.32,68.1,72.81,0.0606
KAMALIKULTURE,Women,25,118,118,10111.879981994629,85.69389815249686,3.39,47.43136488387342,55.47,27.940000534057617,99.0,85.69,38.26,85.06,86.33,0.0598
Duofold,Men,58,334,334,9929.54997253418,29.729191534533456,10.18,16.145218512666396,54.32,14.0,65.0,29.73,13.58,28.89,32.48,0.1689
Woman Within,Women,78,348,348,9895.520013809204,28.435402338532214,9.48,14.38883807114024,50.5,11.989999771118164,99.98999786376952,28.44,14.05,26.89,29.44,0.1767
Ralph Lauren,Women,27,128,128,9894.61996269226,77.30171845853327,5.47,42.27286927632975,51.68,27.989999771118164,249.9900054931641,77.3,35.03,69.61,75.79,0.0647
NEFF,Men,31,206,206,9882.170031547546,47.97169918226964,9.22,22.691940814154172,47.66,13.199999809265137,110.0,47.97,25.28,47.7,51.72,0.1058
HUE,Women,106,497,499,9781.069993019104,19.601342671380987,9.62,9.394785575739382,51.59,4.849999904632568,55.0,19.6,10.21,20.04,19.12,0.2521
Ibex,Men,12,75,75,9780.900001525879,130.41200002034506,5.33,71.40043326644613,53.72,50.0,295.0,130.41,59.01,123.17,128.47,0.0386
Miss Me,Women,19,101,101,9757.259994506836,96.60653459907756,8.91,44.791736471177614,46.13,53.0,168.0,96.61,51.81,102.8,95.32,0.051
O'Neill,Women,43,218,219,9730.019994735718,44.42931504445532,10.5,23.835051939261398,53.74,23.700000762939453,89.0,44.43,20.59,45.17,43.86,0.1119
Austin Reed,Men,13,74,74,9715.310043334961,131.28797355858052,6.76,79.98648398716999,60.58,66.5,230.17999267578125,131.29,51.3,139.35,105.19,0.0377
Lacoste,Men,13,71,72,9664.229919433594,134.22541554768873,8.33,61.71568904751791,46.24,45.0,349.98001098632807,134.23,72.51,129.03,154.79,0.037
Jessica Simpson,Women,27,120,120,9661.649955749512,80.51374963124589,10.83,44.262148024279185,55.23,14.0,186.3699951171875,80.51,36.25,83.53,77.74,0.061
Via Spiga,Women,16,65,65,9541.3900680542,146.79061643160313,7.69,83.35974530085,56.6,79.98999786376953,253.9900054931641,146.79,63.43,146.11,120.38,0.033
maxandcleo,Women,18,81,81,9462.529983520508,116.82135782124082,3.7,62.717343215140325,53.92,66.5999984741211,188.0,116.82,54.1,117.22,118.76,0.041
Betsey Johnson,Women,52,245,245,9455.600019454956,38.59428579369369,9.8,18.774070928451586,50.49,9.989999771118164,92.0,38.59,19.82,40.94,37.71,0.1239
Savane,Men,46,247,247,9263.7401638031,37.50502090608541,6.88,20.1494677748036,53.43,19.950000762939453,62.0,37.51,17.36,38.29,36.1,0.1249
Antique Rivet,Men,13,92,92,9148.759986877441,99.44304333562431,10.87,47.08504910764992,46.99,32.560001373291016,145.0,99.44,52.36,88.55,104.65,0.0472
Lee,Women,55,267,267,9122.260196685791,34.165768526913084,9.36,16.05496901543022,46.71,25.0,52.0,34.17,18.11,34.44,34.81,0.1351
Vince Camuto,Women,26,105,105,9122.110046386719,86.87723853701634,16.19,48.17162746328129,54.74,25.0,175.0,86.88,38.71,84.62,80.11,0.0531
Carole Hochman,Women,28,133,133,9120.580013275146,68.57578957349733,8.27,28.25211552191472,41.07,25.0,89.0,68.58,40.32,65.22,68.57,0.0683
Vanity Fair,Women,76,375,376,9115.610074996948,24.243643816481264,8.78,11.42833956822061,47.05,8.5,62.36000061035156,24.24,12.82,24.6,24.27,0.1904
Eddie Bauer,Men,24,149,149,9051.779956817627,60.75020105246728,10.07,30.279519025952368,48.32,22.950000762939453,219.0,60.75,30.47,57.15,62.68,0.0757
Ibex,Women,17,100,100,9051.549980163574,90.51549980163578,9.0,50.71640980708482,55.17,30.0,225.0,90.52,39.8,75.31,115.55,0.0521
Splendid,Women,24,112,112,8947.679992675781,79.88999993460519,12.5,41.76668027604121,51.43,13.5,198.0,79.89,38.12,80.35,84.16,0.0569
Playtex,Women,41,216,216,8887.870002746582,41.14754630901194,10.65,19.66388154839468,47.71,15.0,218.19999694824216,41.15,21.48,44.93,42.52,0.1097
Under Armour,Men,34,207,207,8867.980010986328,42.840483144861466,12.08,22.354534808014716,51.63,11.979999542236328,119.9800033569336,42.84,20.49,37.67,39.44,0.1048
Alfred Dunner,Women,51,259,260,8864.210060119629,34.09311561584473,12.31,17.866667409372496,51.55,22.989999771118164,60.0,34.09,16.23,34.69,34.33,0.1316
Parke & Ronen,Men,17,98,98,8826.73999786377,90.06877548840585,12.24,34.99938675616928,38.97,48.430000305175774,137.5,90.07,55.07,93.62,99.17,0.0502
Jessica Howard,Women,20,90,90,8736.019874572754,97.06688749525281,12.22,51.98884308142865,53.58,44.93999862670898,138.99000549316406,97.07,45.08,97.16,100.55,0.0456
Rusty,Men,31,174,174,8672.370021820068,49.84120702195443,8.62,22.340630797076592,44.88,35.0,99.5,49.84,27.5,49.81,49.34,0.0881
prAna,Men,16,113,113,8670.699996948242,76.73185838007298,11.5,40.793921192645456,53.76,45.0,125.0,76.73,35.94,81.64,75.61,0.0576
Tallia,Men,10,63,63,8625.810180664062,136.91762191530256,15.87,81.6762426246232,59.18,61.77999877929688,239.9900054931641,136.92,55.24,135.57,127.92,0.0319
Three Seasons Maternity,Women,48,241,242,8617.319997787476,35.608760321435824,9.5,19.58954246868556,55.3,21.600000381469727,58.0,35.61,16.02,37.39,34.84,0.1223
BB Dakota,Women,20,96,96,8605.959991455078,89.64541657765703,12.5,49.29578709001355,54.69,25.0,120.0,89.65,40.35,95.07,82.76,0.0485
The Little Alpaca's House,Men,44,259,259,8591.410390853882,33.17146869055552,12.36,16.498784302148046,49.93,10.989999771118164,34.9900016784668,33.17,16.67,33.51,33.28,0.1317
Maidenform,Women,69,338,338,8554.159990310669,25.308165651806704,7.4,12.055668935717705,47.55,6.0,50.400001525878906,25.31,13.25,25.84,27.32,0.1712
U.S. Polo Assn.,Men,43,248,249,8543.660064697266,34.311887810029205,12.05,16.193201413026262,46.59,25.0,54.9900016784668,34.31,18.12,33.38,35.57,0.1258
HOBO,Women,20,101,101,8535.330047607422,84.50821829314279,10.89,47.196839586723456,56.05,55.619998931884766,103.91000366210938,84.51,37.31,85.43,81.9,0.0511
Rip Curl,Men,29,179,179,8424.82006072998,47.06603385882673,8.38,21.60182265616199,45.98,33.9900016784668,79.94999694824217,47.07,25.46,46.28,46.58,0.0909
DKNYC,Women,14,73,73,8350.490028381348,114.39027436138831,15.07,67.40427148689487,56.78,16.950000762939453,299.0,114.39,46.99,127.23,100.58,0.0369
Reebok,Women,17,90,90,8335.270027160645,92.61411141289605,7.78,53.39384090852455,57.2,24.950000762939453,120.0,92.61,39.22,88.29,98.48,0.0455
Outdoor Research,Women,15,93,93,8260.870031356812,88.82655947695498,11.83,48.745441422958045,56.19,20.989999771118164,279.95001220703125,88.83,40.08,78.51,112.34,0.0473
Kuhl,Men,14,80,80,8190.749984741211,102.38437480926511,11.25,54.757102907949466,52.94,55.0,159.0,102.38,47.63,103.14,107.33,0.0408
GUESS,Women,17,71,71,8186.0,115.29577464788734,11.27,58.29207043722271,50.67,59.0,158.0,115.3,57.0,119.55,106.86,0.0366
Ripe Maternity,Women,27,123,123,8181.189998626709,66.51373982623339,8.13,36.59206713805024,55.08,25.0,118.0,66.51,29.92,65.71,66.85,0.0625
ExOfficio,Men,28,159,160,8170.720008850098,51.06700005531309,10.63,27.99008736195751,54.37,16.90999984741211,99.0,51.07,23.08,55.05,56.04,0.0814
Rock Revival,Women,12,58,58,8119.0799560546875,139.98413717335666,13.79,64.80164255334144,46.43,120.0,159.0,139.98,75.18,136.11,138.7,0.0298
Design History,Women,13,59,59,8111.109916687012,137.47643926588157,10.17,75.975550792939,55.41,75.56999969482422,158.39999389648438,137.48,61.5,142.48,131.47,0.0299
Helly Hansen,Men,15,90,90,8064.680042266846,89.60755602518721,7.78,48.61530324949657,53.02,20.0,280.0,89.61,40.99,77.17,89.03,0.046
Kensie,Women,25,126,126,7959.879964828491,63.173650514511856,9.52,34.46215664941807,54.46,23.989999771118164,125.0,63.17,28.71,64.19,60.85,0.0645
Adrianna Papell,Women,14,65,65,7842.100044250488,120.64769298846906,6.15,66.27565614860924,55.01,44.970001220703125,159.60000610351562,120.65,54.37,122.38,127.83,0.0331
The Savile Row Company,Men,11,65,65,7832.0,120.49230769230768,7.69,70.59516921375807,58.67,27.0,279.0,120.49,49.9,121.28,106.82,0.0331
Cubavera,Men,23,153,153,7807.030086517334,51.02634043475381,10.46,26.38227798894762,50.87,19.57999992370605,89.98999786376953,51.03,24.64,48.84,52.76,0.0782
Ulla Popken,Women,20,87,87,7733.0,88.88505747126437,14.94,45.416701147054475,50.78,19.0,169.0,88.89,43.47,93.84,97.21,0.044
Three Dots,Women,24,112,112,7666.660029411316,68.45232169117246,10.71,34.20407530983293,49.53,14.710000038146973,125.0,68.45,34.25,70.71,66.26,0.0568
G-Star,Women,10,59,59,7633.039985656738,129.37355907892777,6.78,66.11523512563512,50.32,19.549999237060547,250.0,129.37,63.26,139.22,105.81,0.0321
D.E.P.T.,Women,19,90,90,7629.839950561523,84.77599945068361,16.67,44.46451376888524,53.52,25.0,201.75,84.78,40.31,91.55,86.16,0.0455
Abini,Men,14,91,91,7585.449722290038,83.35659035483557,13.19,50.151638390998436,60.24,79.94999694824217,89.94999694824217,83.36,33.2,83.76,83.45,0.0476
ASICS,Women,28,144,144,7565.480016708374,52.538055671585916,11.11,29.465142076501444,54.53,13.649999618530272,903.0,52.54,23.07,84.18,60.44,0.0731
Bella,Women,63,282,283,7542.850012779236,26.65318025717044,10.25,13.480062206135464,49.57,9.989999771118164,121.98999786376952,26.65,13.17,26.46,27.31,0.143
Affliction,Men,13,73,73,7506.559951782227,102.82958838057846,6.85,47.623964222315,46.4,39.0,146.89999389648438,102.83,55.21,93.99,105.87,0.0374
eloquii,Women,25,144,144,7502.460037231445,52.10041692521837,9.03,27.7620007712904,51.14,24.950000762939453,101.40000152587892,52.1,24.34,55.88,45.79,0.0732
KingSize,Men,25,149,149,7472.2700119018555,50.149463167126534,11.41,26.363080211415248,51.26,12.989999771118164,99.88999938964845,50.15,23.79,51.69,51.85,0.0759
Belly Bandit,Women,26,117,117,7422.149814605713,63.43717790261294,7.69,35.08356527020661,55.29,39.950000762939446,79.94999694824217,63.44,28.35,63.56,66.17,0.0592
Gold Toe,Men,43,259,259,7338.29997253418,28.333204527159,11.58,11.83953487554886,41.08,8.0,119.9499969482422,28.33,16.49,22.24,37.37,0.1309
Maternal America,Women,16,79,79,7333.099994659424,92.82405056530918,6.33,52.188103657515754,55.74,36.84000015258789,136.0,92.82,40.64,91.4,93.59,0.04
Hard Tail,Women,20,96,96,7306.939987182617,76.11395819981892,5.21,40.24685701938582,52.16,42.0,100.0,76.11,35.87,74.48,71.36,0.0491
prAna,Women,19,85,85,7286.799987792969,85.7270586799173,10.59,48.22190572005407,56.52,55.0,175.0,85.73,37.51,90.38,90.61,0.0432
Spa & Resort,Men,23,131,131,7280.449893951416,55.57595338894211,9.92,33.47197517164959,60.22,29.950000762939453,69.94999694824219,55.58,22.1,58.71,58.13,0.067
Mavi,Men,13,79,79,7273.829990386963,92.07379734667043,11.39,43.207909515349364,47.25,47.130001068115234,118.0,92.07,48.87,95.39,95.21,0.0402
Casual Moments,Women,32,146,146,7269.360055923462,49.79013736933882,6.85,20.101106495938115,40.65,25.0,87.0,49.79,29.69,51.22,51.0,0.0745
G by GUESS,Men,26,142,143,7208.5,50.40909090909091,11.19,24.666188828064644,48.43,19.5,99.5,50.41,25.74,49.61,49.16,0.0726
Football Fanatics,Men,21,143,143,7164.850109100341,50.1038469167856,6.99,22.32799506774531,44.71,21.950000762939453,60.950000762939446,50.1,27.78,50.02,48.86,0.0724
Victorinox,Men,11,75,75,7159.210021972656,95.45613362630205,14.67,49.3748574605761,48.32,25.0,197.4900054931641,95.46,46.08,89.35,88.41,0.0379
Thorlo,Men,51,312,314,7139.78006362915,22.738153068882642,10.19,11.107714185740633,47.56,13.989999771118164,44.9900016784668,22.74,11.63,21.74,21.24,0.1597
Port Authority,Women,32,160,160,7116.0500020980835,44.47531251311303,10.63,23.433490570450562,52.46,4.949999809265137,91.72000122070312,44.48,21.04,41.9,43.32,0.0808
Alexander Del Rossa,Men,22,144,144,7104.480001449585,49.336666676733216,8.33,29.801678260095024,60.05,9.949999809265137,89.98999786376953,49.34,19.53,49.18,48.88,0.0728
Nat Nast,Men,11,72,72,7068.4799880981445,98.1733331680298,2.78,47.22725659035239,47.2,41.25,165.0,98.17,50.95,90.12,103.86,0.0364
Burnside,Men,41,224,224,7018.080029010773,31.330714415226673,10.27,14.827322107950975,47.1,7.900000095367431,42.0,31.33,16.5,30.7,31.25,0.1135
UltraClub,Men,25,148,148,7000.41011428833,47.30006833978599,9.46,23.220582462460555,48.2,20.8700008392334,145.99000549316406,47.3,24.08,54.45,41.88,0.0748
Shadowline,Women,28,135,135,6941.900012969971,51.42148157755535,9.63,21.736834068496535,43.07,21.049999237060547,104.0,51.42,29.68,48.54,49.78,0.0684
DC,Women,24,121,121,6892.819995880127,56.96545451140599,12.4,29.878528559551288,52.14,24.979999542236328,190.0,56.97,27.09,60.84,58.48,0.0616
Alternative,Men,23,141,141,6862.280128479004,48.66865339346809,9.22,22.612094881157546,45.96,20.96999931335449,75.4800033569336,48.67,26.06,46.38,48.93,0.0712
Pearl iZUMi,Men,19,125,125,6796.889930725098,54.375119445800784,10.4,30.67342193214227,53.29,18.0,232.47999572753903,54.38,23.7,56.8,56.11,0.0639
UjENA,Women,11,73,73,6690.899993896484,91.65616429995187,5.48,50.98941488685027,56.28,42.0,193.5,91.66,40.67,100.01,95.97,0.04
Becca by Rebecca Virtue,Women,19,86,86,6668.0,77.53488372093027,9.3,44.47674406376169,57.62,36.0,132.0,77.53,33.06,74.9,79.05,0.0439
2XU,Men,13,86,87,6648.530002593994,76.4198850872873,10.34,41.488373358110394,53.38,40.450000762939446,159.94000244140625,76.42,34.93,68.49,80.12,0.0442
Momo Maternity,Women,15,78,78,6634.0,85.05128205128206,10.26,46.62815371670653,55.0,46.0,184.0,85.05,38.42,81.0,92.27,0.0403
Bottoms Out,Men,47,290,290,6610.619989395142,22.79524134274187,11.03,13.26485534764146,58.36,11.989999771118164,29.989999771118164,22.8,9.53,22.47,22.03,0.1474
Club Room,Men,14,77,77,6603.420028686523,85.75870167125355,11.69,49.66715375576806,55.0,15.670000076293944,179.99000549316406,85.76,36.09,76.7,117.72,0.0392
L*Space,Women,14,78,78,6573.649963378906,84.27756363306288,8.97,47.707048940356444,56.37,62.0,131.9499969482422,84.28,36.57,87.88,79.64,0.0394
Christopher Fischer,Women,15,60,60,6485.5,108.09166666666671,8.33,59.88473338118444,55.6,87.5,144.0,108.09,48.21,110.18,109.29,0.0311
Larry Levine,Women,14,71,71,6480.629936218262,91.27647797490508,12.68,51.08792172499065,56.0,45.0,118.75,91.28,40.19,87.72,88.2,0.036
DREAMS,Women,43,219,220,6424.800119400024,29.203636906363737,9.55,12.555420312612206,42.48,17.989999771118164,44.9900016784668,29.2,16.65,28.68,28.43,0.1119
C-IN2,Men,40,228,231,6409.129999160767,27.745151511518458,10.82,14.750865560457619,53.13,14.670000076293944,60.0,27.75,12.99,27.37,26.84,0.1168
ECHO,Women,25,117,117,6406.720001220703,54.75829060872397,15.38,31.88690054610064,58.4,13.270000457763672,118.0,54.76,22.87,55.32,55.52,0.0599
Glamorise,Women,31,152,152,6394.21018409729,42.067172263797964,7.24,20.49693593388392,48.77,19.989999771118164,53.06999969482422,42.07,21.57,40.75,43.61,0.0776
Alex Evenings,Women,14,55,55,6379.850006103516,115.99727283824573,9.09,69.61503383777008,59.29,76.22000122070312,140.0,116.0,46.38,115.34,117.56,0.0288
Alexander Del Rossa,Women,30,151,151,6359.490043640137,42.115828103577066,13.91,17.135791578540466,40.76,21.989999771118164,89.98999786376953,42.12,24.98,44.18,39.32,0.0767
Reyn Spooner,Men,14,86,86,6338.5,73.70348837209298,10.47,30.32148249401693,41.41,49.0,89.0,73.7,43.38,75.26,73.18,0.0437
ExOfficio,Women,19,96,97,6326.519975662231,65.22185541919825,5.15,37.167126447002644,56.91,18.0,199.0,65.22,28.05,60.51,97.49,0.0497
Activewear Apparel,Women,37,188,188,6325.720199584961,33.64744787013278,10.64,17.872155959435382,53.6,4.949999809265137,41.9900016784668,33.65,15.78,33.01,34.94,0.0953
Ice,Women,34,165,165,6282.349943161011,38.074848140369745,7.88,16.237720779397968,44.37,13.989999771118164,95.98999786376952,38.07,21.84,40.62,34.64,0.0836
Rich & Skinny,Women,12,65,65,6250.599998474121,96.16307689960189,9.23,43.585894347441524,46.78,21.280000686645508,209.0,96.16,52.58,120.02,81.56,0.034
Affliction,Women,10,51,51,6242.099945068359,122.3941165699678,3.92,57.36786024879388,47.41,97.94999694824217,135.0,122.39,65.03,122.65,129.99,0.0261
Ed Garments,Women,29,135,135,6230.65020942688,46.15296451427319,8.89,24.495272841431188,52.32,28.989999771118164,166.99000549316406,46.15,21.66,45.63,48.47,0.0684
Mountain Khakis,Men,13,76,76,6217.519817352295,81.80947128095127,13.16,45.50596155961246,55.4,37.77000045776367,94.94999694824217,81.81,36.3,83.22,84.31,0.0414
Bullhead,Men,22,141,141,6199.059989929199,43.964964467582966,11.35,22.754862007967226,51.71,31.989999771118164,59.5,43.96,21.21,45.7,45.88,0.0714
UNIONBAY,Men,30,191,191,6179.530014038086,32.353560282921904,12.04,16.379729351377385,50.51,25.0,48.0,32.35,15.97,31.96,31.33,0.0971
Prontomoda,Men,10,62,62,6166.899822235107,99.46612616508237,16.13,57.8496959429342,59.31,49.950000762939446,149.9499969482422,99.47,41.62,109.28,99.95,0.0319
Le Mystere,Women,17,81,81,6147.549995422363,75.89567895583164,12.35,37.13795901424969,48.85,62.0,125.0,75.9,38.76,77.48,75.54,0.0411
Ed Hardy,Women,30,163,163,6146.610094070435,37.70926438080019,12.88,19.93013847316556,53.46,7.989999771118163,89.0,37.71,17.78,36.71,36.44,0.0825
Gary Majdell Sport,Men,46,299,300,6131.11981678009,20.437066055933627,11.0,8.217428362954854,40.56,9.970000267028809,28.96999931335449,20.44,12.22,21.07,19.89,0.152
Rufskin,Men,15,83,83,6129.0,73.84337349397592,16.87,33.12046984300377,43.4,45.0,166.0,73.84,40.72,75.64,63.95,0.0419
Dockers,Women,32,156,156,6106.970153808594,39.147244575696114,14.74,19.05284785607024,48.86,25.0,48.0,39.15,20.09,38.02,39.85,0.0788
Neon Buddha,Women,19,79,79,6050.949993133545,76.59430371055123,6.33,38.32061144461135,49.47,25.0,139.0,76.59,38.27,84.38,77.57,0.0401
[BLANKNYC],Women,14,82,82,6028.970016479492,73.5240245912133,9.76,36.68168864813649,49.7,10.5,119.5,73.52,36.84,69.54,76.65,0.0419
Nautica,Women,34,155,155,5963.310010910034,38.47296781232282,5.81,17.778403805958174,43.36,13.350000381469728,89.0,38.47,20.69,35.43,41.2,0.0784
Naturally by Derek Rose,Men,11,68,68,5958.980010986328,87.63205898509304,13.24,52.61664666596879,60.1,62.33000183105469,125.0,87.63,35.02,80.31,90.63,0.0346
Sweet Mommy,Women,14,67,67,5952.25,88.83955223880598,8.96,48.618641668251264,54.54,25.0,168.0,88.84,40.22,87.73,86.18,0.0342
Famous Stars and Straps,Men,19,130,130,5942.080020904541,45.708307853111855,9.23,20.944651435665225,45.83,22.0,81.94999694824217,45.71,24.76,46.74,39.97,0.0662
Moving Comfort,Women,25,119,119,5926.659992218018,49.80386548082368,9.24,25.920420275985897,51.93,27.299999237060547,68.0,49.8,23.88,48.31,48.66,0.0607
Anita,Women,23,93,93,5889.399993896484,63.32688165480087,7.53,33.10496721338465,52.38,48.09999847412109,75.06999969482422,63.33,30.22,63.37,65.19,0.0477
Ariat,Men,9,70,70,5835.7099685668945,83.36728526524134,5.71,39.39208553100606,46.99,69.94999694824219,112.25,83.37,43.98,83.52,85.87,0.0355
Vans,Men,17,111,111,5794.53999710083,52.203063036944414,12.61,24.61623626418708,46.85,33.86000061035156,109.5,52.2,27.59,49.61,52.98,0.0573
Billabong,Women,20,98,99,5791.319965362549,58.498181468308566,9.09,31.391313046559155,52.81,22.5,199.94999694824216,58.5,27.11,59.91,68.8,0.0507
Southpole,Men,27,181,182,5758.530010223389,31.640274781447197,9.34,15.178633481431822,48.21,21.989999771118164,60.0,31.64,16.46,30.59,30.57,0.0921
Reef,Men,17,98,98,5743.150018692017,58.6035716193063,11.22,24.815633823476723,42.9,24.96999931335449,90.0,58.6,33.79,58.24,56.21,0.0499
Tri-Mountain,Women,21,106,106,5739.830110549927,54.14934066556536,15.09,28.986263314494728,52.87,27.989999771118164,81.87000274658203,54.15,25.16,48.96,58.77,0.0536
Miss Sixty,Women,11,52,52,5733.259963989258,110.2549993074857,13.46,61.17503387843652,55.52,75.0,175.0,110.25,49.08,120.78,120.77,0.0272
SEX NIGHT,Women,50,243,243,5679.0,23.37037037037038,11.52,11.0895144220067,47.47,21.0,33.0,23.37,12.28,23.9,22.57,0.1228
Hanky Panky,Women,22,97,99,5631.189952850342,56.880706594447894,12.12,27.090581306860336,47.89,20.0,90.0,56.88,29.79,54.21,53.33,0.0503
TEXTILE Elizabeth and James,Women,12,54,54,5626.810001373291,104.20018521061652,5.56,49.29933227909608,47.4,21.25,248.0,104.2,54.9,74.23,65.7,0.0274
Cardi International,Men,9,66,66,5622.6997985839835,85.1924211906664,13.64,51.920144451935634,60.98,79.94999694824217,99.94999694824217,85.19,33.27,84.42,84.87,0.0337
NOM,Women,16,77,77,5580.550012588501,72.47467548816235,7.79,40.63387868281226,55.55,25.190000534057617,116.0,72.47,31.84,62.13,76.5,0.0393
Altamont,Men,15,95,95,5575.279998779297,58.68715788188733,11.58,29.62087538682027,50.32,37.5,79.98999786376953,58.69,29.07,61.69,59.05,0.0483
Seven7,Women,18,92,92,5553.0,60.358695652173914,8.7,28.483054409245188,47.08,44.0,74.0,60.36,31.88,58.58,63.64,0.0467
Skedouche,Men,11,71,71,5552.289848327637,78.20126546940331,7.04,39.657111725616254,50.7,72.98999786376953,82.98999786376953,78.2,38.54,78.55,78.07,0.0364
WESC,Men,12,75,75,5521.999893188477,73.62666524251301,16.0,34.729643300465845,46.85,24.0,99.94999694824217,73.63,38.9,76.4,73.37,0.0382
Under Armour,Women,20,99,99,5501.699989318848,55.57272716483683,16.16,29.656517792899706,53.39,24.989999771118164,94.98999786376952,55.57,25.92,57.23,52.69,0.0514
La Blanca,Women,12,67,67,5490.17000579834,81.9428359074379,10.45,47.569449154350124,58.17,36.36000061035156,119.0,81.94,34.37,95.07,82.17,0.0339
Spanx,Women,18,87,87,5490.0,63.10344827586207,9.2,30.647793133978606,50.46,16.0,118.0,63.1,32.46,72.17,64.75,0.0441
Ecoscapes,Women,33,165,165,5488.690031051636,33.26478806697963,8.48,18.655518986820194,56.09,11.989999771118164,69.0,33.26,14.61,33.67,31.49,0.0835
Alternative,Women,24,105,105,5482.590038299561,52.21514322190058,10.48,25.914707453348996,49.57,20.93000030517578,88.0,52.22,26.3,52.18,49.7,0.0531
Royal Robbins,Men,13,71,71,5464.919979095459,76.97070393092191,12.68,39.64444715551141,50.23,44.900001525878906,224.94999694824216,76.97,37.33,87.24,61.62,0.0371
A:X Armani Exchange,Women,11,53,53,5454.0,102.90566037735854,11.32,53.041509512416525,50.67,38.0,178.0,102.91,49.86,99.67,96.0,0.0273
Jockey,Women,41,217,218,5453.360000610352,25.01541284683646,8.26,10.952788713846443,44.64,9.5,60.0,25.02,14.06,24.6,27.7,0.1108
The Cat's Pajamas,Women,15,69,69,5404.0,78.31884057971016,14.49,31.554275246553015,40.47,46.0,90.0,78.32,46.76,76.76,84.83,0.0353
Oak Hill,Men,16,79,80,5371.870021820068,67.14837527275084,8.75,36.26162079252603,52.9,40.0,149.0,67.15,30.89,69.18,69.5,0.0408
Barely There,Women,46,233,233,5349.9300174713135,22.96107303635756,9.87,11.040884989182567,47.93,8.470000267028809,50.0,22.96,11.92,21.06,23.94,0.1178
Level 99,Women,14,66,66,5349.539993286133,81.05363626191111,12.12,37.74952243479145,47.59,25.0,123.0,81.05,43.3,70.62,74.46,0.034
Tru-Spec,Men,16,87,87,5322.150035858154,61.17413834319718,10.34,32.95813007901727,53.35,24.989999771118164,147.99000549316406,61.17,28.22,58.14,60.47,0.0441
Jantzen,Women,11,65,65,5280.370002746582,81.23646158071665,7.69,47.23133124112441,57.58,25.0,128.0,81.24,34.01,76.15,66.92,0.033
Swim 365,Women,15,70,70,5259.299945831299,75.13285636901855,12.86,43.278931153148164,57.83,34.9900016784668,94.98999786376952,75.13,31.85,78.81,71.81,0.0358
Zanerobe,Men,12,85,85,5252.910001754761,61.79894119711484,7.06,28.59764044416018,46.99,29.96999931335449,94.5,61.8,33.2,60.17,61.33,0.0436
Y&G,Men,28,169,169,5249.410108566284,31.06159827554015,11.24,18.35349420669788,59.49,8.989999771118164,36.950000762939446,31.06,12.71,31.36,31.55,0.0859
Williams Cashmere,Men,9,63,63,5229.599967956543,83.00952330089747,9.52,42.067399780022534,51.52,39.59999847412109,104.0,83.01,40.94,70.84,89.86,0.032
Brixton,Men,17,102,102,5216.530048370361,51.14245145461138,11.76,25.77857588164117,50.56,33.9900016784668,76.0,51.14,25.36,46.99,51.19,0.0531
Corset-story,Women,12,62,62,5209.9699993133545,84.03177418247347,12.9,40.41543762509691,48.11,29.989999771118164,100.0,84.03,43.62,86.5,90.71,0.0319
Paul Frank,Women,31,145,145,5194.889999389648,35.826827581997584,7.59,16.752602246911515,44.93,20.0,64.0,35.83,19.07,34.87,39.19,0.0748
Underworks,Men,21,123,123,5162.770109176636,41.9737407250133,12.2,22.517601185790642,53.5,16.989999771118164,144.99000549316406,41.97,19.46,39.41,39.58,0.063
Coolibar,Women,22,99,99,5157.6500415802,52.09747516747677,10.1,28.757431780907762,55.2,29.989999771118164,85.0,52.1,23.34,53.81,49.7,0.0506
Torrid,Women,23,109,109,5149.0,47.23853211009177,7.34,22.70959635805168,46.92,4.0,110.0,47.24,24.53,49.3,44.16,0.0558
Russell Athletic,Men,36,187,187,5130.759983062744,27.437219160763334,10.7,15.290135485521303,55.91,8.0,45.08000183105469,27.44,12.15,26.19,28.83,0.0959
ZOO YORK,Men,19,94,94,5122.600008010864,54.49574476607302,6.38,24.94617831134199,45.76,31.96999931335449,100.0,54.5,29.55,50.71,55.42,0.0475
Retrofit,Men,30,162,162,5071.410068511963,31.305000422913334,8.02,14.78282740652315,47.09,19.979999542236328,44.9900016784668,31.31,16.52,32.61,29.98,0.0821
Wigwam,Men,50,297,298,5047.18999671936,16.93687918362201,9.4,7.8732332476407825,45.83,5.590000152587891,39.09999847412109,16.94,9.06,17.81,17.97,0.1517
KNOTHE CORP.,Men,27,153,153,4992.82998085022,32.63287569183148,7.84,19.57219322478288,59.73,17.8799991607666,69.87999725341797,32.63,13.06,30.99,29.43,0.0781
The Pajamagram Company,Women,17,80,80,4991.200019836426,62.390000247955335,11.25,24.5055090089575,39.16,49.9900016784668,109.98999786376952,62.39,37.88,64.93,59.32,0.0413
Democracy,Women,21,91,91,4985.550024032593,54.78626400035819,8.79,27.42783212166099,50.34,14.0,88.0,54.79,27.36,56.07,64.63,0.0492
Lindy Bop,Women,19,106,106,4971.9401779174805,46.90509601808944,8.49,25.445726409648294,54.25,43.9900016784668,46.9900016784668,46.91,21.46,46.99,46.75,0.0547
Samanthas Style Shoppe,Women,52,255,255,4969.349953651428,19.48764687706444,10.59,9.852293834093267,50.21,7.96999979019165,34.970001220703125,19.49,9.64,19.97,20.06,0.129
Suit Studio,Women,11,58,58,4960.100074768066,85.51896680634601,13.79,33.695320059604946,39.01,55.97999954223633,136.1699981689453,85.52,51.82,79.98,97.09,0.0296
Mod-O-Doc,Men,9,54,54,4935.0,91.38888888888893,16.67,47.16101852349109,50.61,25.0,160.0,91.39,44.23,106.0,82.0,0.0277
Josie by Natori,Women,12,73,73,4925.959991455078,67.47890399253534,13.7,28.456747819340098,42.66,12.0,94.0,67.48,39.02,80.02,68.5,0.0375
Paul Malone,Men,14,88,88,4904.200134277344,55.72954698042437,4.55,33.83834984485197,60.7,44.900001525878906,64.9000015258789,55.73,21.89,54.94,54.84,0.0461
Wolverine,Men,27,161,161,4880.699996948242,30.31490681334311,9.32,15.676175445203091,51.34,11.0,51.02999877929688,30.31,14.64,31.95,28.35,0.0828
Gregg Homme,Men,25,179,180,4879.85005569458,27.110278087192103,13.89,13.486830968975045,49.91,12.899999618530272,58.0,27.11,13.62,27.71,27.64,0.0917
Cianni,Men,12,62,62,4876.899906158447,78.65967590578141,12.9,44.392429748941,56.43,49.950000762939446,109.9499969482422,78.66,34.27,78.41,69.95,0.0317
SK Hat shop,Women,74,338,339,4872.83004283905,14.374129919879204,11.21,7.633182632576067,51.0,4.949999809265137,39.950000762939446,14.37,6.74,14.29,14.69,0.172
Daniel Buchler,Men,15,84,84,4850.119915008545,57.739522797720774,8.33,34.547915687975376,59.88,33.599998474121094,89.5999984741211,57.74,23.19,58.09,57.45,0.0429
Cole Haan,Men,8,54,54,4836.900016784668,89.57222253304938,16.67,50.18979446064492,49.83,12.5,350.0,89.57,39.38,122.19,52.87,0.0281
BridalPetticoat,Women,19,110,110,4818.849998474121,43.80772725885566,8.18,20.589446404564658,47.06,19.950000762939453,79.94999694824217,43.81,23.22,39.15,50.58,0.0556
Chaus,Women,17,82,82,4778.320011138916,58.272195257791665,8.54,30.551908412182193,52.24,24.190000534057617,99.0,58.27,27.72,59.79,60.8,0.0417
TapouT,Men,17,114,114,4712.00998878479,41.33342095425257,9.65,18.098370890533275,44.17,24.0,70.0,41.33,23.24,39.79,40.04,0.0587
Key Industries,Men,26,169,169,4710.590026855469,27.873313768375546,10.06,13.226801940764206,47.16,24.989999771118164,44.9900016784668,27.87,14.65,27.37,27.05,0.0859
London Times,Women,14,71,71,4679.69002532959,65.91112711731816,9.86,35.90669052373646,54.8,32.650001525878906,99.0,65.91,30.0,69.68,58.33,0.036
Devon & Jones,Women,28,145,145,4638.880069732666,31.992276342983907,8.97,15.298173621411793,47.99,14.989999771118164,51.9900016784668,31.99,16.69,31.29,31.74,0.0738
Oscar de la Renta,Women,13,79,79,4633.930015563965,58.657341969164094,7.59,25.104352078806805,43.24,25.0,82.0,58.66,33.55,54.22,58.6,0.0406
Hot Topic,Women,31,168,169,4631.099981307983,27.402958469278005,10.06,13.582166464856813,50.75,6.989999771118164,49.5,27.4,13.82,24.91,28.78,0.0858
Guide Gear,Men,22,134,134,4625.660125732422,34.51985168457032,10.45,18.51940081466366,53.01,16.989999771118164,49.9900016784668,34.52,16.0,33.65,38.25,0.0683
Cinch,Men,13,68,68,4571.319942474365,67.22529327168183,10.29,30.939864222639088,46.06,42.9900016784668,79.98999786376953,67.23,36.29,66.38,69.88,0.0347
Emporio Armani,Men,27,138,139,4570.820007324219,32.883597174994364,12.23,17.237847059275776,52.25,22.0,54.0,32.88,15.65,32.71,33.89,0.0704
Felina,Women,30,140,141,4568.479999542236,32.40056737263998,13.48,15.283228948477188,47.24,10.0,72.0,32.4,17.12,33.86,34.84,0.0725
Devon & Jones,Men,17,98,98,4538.759998321533,46.31387753389322,11.22,24.51827716936092,50.49,18.8700008392334,79.98999786376953,46.31,21.8,46.12,50.71,0.0503
Element,Men,16,83,83,4504.419990539551,54.2701203679464,7.23,25.7929528257482,47.63,31.950000762939453,79.44999694824217,54.27,28.48,58.83,53.86,0.0423
Mod-O-Doc,Women,17,80,80,4472.029977798462,55.900374722480784,6.25,28.665566494033698,50.94,25.0,170.0,55.9,27.23,61.52,52.67,0.0407
Southpole,Women,31,163,163,4459.460041046143,27.3586505585653,11.66,13.616363091707838,49.5,13.989999771118164,39.9900016784668,27.36,13.74,27.23,27.3,0.0837
Caterpillar,Men,16,95,95,4406.990026473999,46.38936869972629,7.37,23.654472024456048,49.96,19.989999771118164,89.7300033569336,46.39,22.73,46.52,47.68,0.0487
Hot Chillys,Women,21,97,97,4340.259986877441,44.74494831832412,7.22,23.087469806272228,52.03,14.359999656677246,65.0,44.74,21.66,51.05,38.8,0.0504
Canyon Ridge,Men,21,123,123,4329.8500690460205,35.20203308167494,10.57,17.8692932074493,50.91,17.489999771118164,50.0,35.2,17.33,34.5,35.4,0.0628
Luxury Divas,Women,55,274,274,4325.999958515167,15.788321016478715,8.39,8.623341055949307,53.84,6.289999961853027,34.9900016784668,15.79,7.16,16.59,15.14,0.1388
Kangol,Men,14,96,96,4296.000015258789,44.750000158945724,12.5,25.837638687976995,57.74,23.950000762939453,60.0,44.75,18.91,45.47,46.68,0.0491
Allen Allen,Women,15,71,71,4279.449977874756,60.27394335034866,11.27,31.87997402374842,52.1,25.0,88.0,60.27,28.39,54.07,61.73,0.0359
Timberland,Men,22,132,132,4272.589998245239,32.36810604731241,12.12,16.48053385261194,49.89,9.0,145.0,32.37,15.89,40.03,30.08,0.0668
Harriton,Men,22,121,121,4269.620084762573,35.286116402996484,12.4,17.55636555126426,49.54,19.76000022888184,49.9900016784668,35.29,17.73,35.28,33.64,0.0621
Corset Story,Women,22,110,110,4238.0,38.527272727272724,13.64,18.10726366630354,46.99,34.0,45.0,38.53,20.42,38.71,38.32,0.0557
Knothe,Men,15,83,83,4237.00993347168,51.048312451466025,9.64,30.62461101880962,60.19,23.0,90.27999877929688,51.05,20.42,49.99,55.43,0.0422
Wool Overs,Men,17,100,100,4226.0,42.259999999999984,7.0,20.992150013544602,49.64,29.0,56.0,42.26,21.27,44.85,40.41,0.0507
Dickies,Women,25,116,116,4176.919969558716,36.00793077205789,11.21,17.20136316680962,47.44,6.989999771118164,67.98999786376953,36.01,18.81,38.73,38.28,0.0586
Impact Fitness,Women,11,55,55,4154.0,75.52727272727273,7.27,42.283172638832845,55.94,39.5,105.0,75.53,33.24,84.45,71.8,0.0279
Banana Republic,Men,12,78,78,4142.4200439453125,53.10794928135017,14.1,25.799272427390573,48.54,48.959999084472656,66.95999908447266,53.11,27.31,54.43,53.23,0.0401
Aegean,Women,12,54,54,4139.459884643555,76.65666453043622,9.26,29.252109029083368,38.16,69.98999786376953,89.98999786376953,76.66,47.4,79.99,74.99,0.0275
Funfash,Women,20,87,87,4069.1301307678223,46.77161069848073,13.79,24.710998637796067,52.09,34.9900016784668,69.98999786376953,46.77,22.06,46.35,48.81,0.0443
Diamond Chain,Men,13,69,69,4052.429967880249,58.730869099713736,14.49,28.59060731756397,49.18,29.989999771118164,85.94999694824217,58.73,30.14,56.55,55.84,0.035
Bslingerie,Women,40,179,181,4021.479953765869,22.218121291524138,10.5,10.340785971190387,46.55,18.989999771118164,44.799999237060554,22.22,11.88,22.73,22.97,0.0915
TUMI,Men,11,56,56,4013.539987564087,71.67035692078727,8.93,41.698624978406066,58.52,26.239999771118164,127.97000122070312,71.67,29.97,77.18,79.07,0.0297
AxParis,Women,27,116,117,3979.5899963378906,34.013589712289665,8.55,17.692605118481744,51.28,23.5,64.5,34.01,16.32,34.34,31.63,0.0598
G by GUESS,Women,22,97,97,3956.5,40.78865979381447,9.28,19.790345397185582,48.05,19.5,79.5,40.79,21.0,43.39,39.81,0.0495
District Threads,Women,22,115,115,3944.7500534057617,34.30217437744141,10.43,18.39372605330207,53.6,17.479999542236328,59.9900016784668,34.3,15.91,36.01,33.84,0.0591
Everly Grey,Women,13,65,65,3937.5,60.576923076923066,9.23,33.71511529666873,55.49,48.0,78.0,60.58,26.86,58.23,64.05,0.0342
Minus33 Merino Wool,Women,8,52,52,3919.5,75.375,9.62,35.594855656256335,47.03,58.5,96.0,75.38,39.78,79.32,77.88,0.0269
Hello Kitty,Women,36,144,144,3891.199998855591,27.022222214274933,11.81,11.05094176490208,40.84,12.0,39.9900016784668,27.02,15.97,26.93,26.43,0.0743
Panache,Women,15,62,62,3886.4400024414062,62.684516168409765,14.52,34.046335455382305,54.22,32.0,92.0,62.68,28.64,66.97,61.6,0.0327
Shaper Corset,Women,12,56,56,3864.439968109131,69.00785657337734,7.14,32.8828410477071,48.73,29.989999771118164,119.98999786376952,69.01,36.13,64.28,69.74,0.0292
TYR,Women,16,66,66,3851.199977874756,58.351514816284194,9.09,34.45412499106957,58.91,40.619998931884766,77.98999786376953,58.35,23.9,61.31,60.52,0.0345
Bella Materna,Women,11,59,59,3816.7399978637695,64.69050843836897,13.56,36.58721686226731,56.39,27.979999542236328,93.8199996948242,64.69,28.1,63.66,68.48,0.0304
Marcoliani Milano,Men,14,85,85,3814.5,44.876470588235286,9.41,17.65012933878118,38.68,23.0,89.5,44.88,27.23,48.17,50.13,0.0438
Jezebel,Women,21,115,115,3813.800022125244,33.16347845326299,8.7,16.137961433149197,48.04,10.0,58.450000762939446,33.16,17.03,33.53,33.73,0.0583
Roamans,Women,13,59,59,3810.409980773926,64.58322001311738,5.08,28.268844838651127,43.41,28.989999771118164,119.98999786376952,64.58,36.31,62.05,81.81,0.0307
Arianne,Women,15,79,79,3808.3900146484375,48.20746853985365,8.86,22.420493665980793,46.58,25.0,85.0,48.21,25.79,52.53,46.24,0.04
Kanu Surf,Men,25,155,155,3806.319995880127,24.55690319922663,12.9,9.762494659696397,39.72,17.31999969482422,29.0,24.56,14.79,24.33,24.46,0.0785
Wrangler,Women,17,77,77,3790.590030670166,49.228441956755404,9.09,22.420678264777866,45.37,25.899999618530277,74.98999786376953,49.23,26.81,49.01,47.85,0.0393
Commando,Women,14,76,78,3778.0,48.435897435897445,6.41,24.593307720347994,52.08,30.0,88.0,48.44,23.84,50.14,50.0,0.0404
Fruit of the Loom,Women,53,267,267,3761.1499853134155,14.086704064844247,7.12,6.958311176906353,49.93,10.0,25.0,14.09,7.13,13.12,13.44,0.1355
XOXO,Women,14,81,81,3752.870002746582,46.33172842897016,9.88,25.068023094602218,52.79,16.940000534057617,98.0999984741211,46.33,21.26,46.6,44.66,0.0414
Minus33 Merino Wool,Men,12,73,73,3734.5,51.157534246575345,10.96,26.25736985818406,51.36,14.5,96.0,51.16,24.9,47.95,50.61,0.0371
Danny & Nicole,Women,10,51,51,3715.400001525879,72.85098042207602,3.92,32.44977753831361,45.11,54.0,111.0,72.85,40.4,65.49,68.02,0.0266
Bolzano,Men,9,53,53,3707.3498878479,69.94999788392265,7.55,42.26299882474177,60.42,49.950000762939446,89.94999694824217,69.95,27.69,69.24,64.95,0.0274
Darn Tough,Men,18,112,112,3706.4100646972656,33.09294700622557,10.71,15.430778983897634,45.29,14.0,49.950000762939446,33.09,17.66,33.1,34.0,0.0566
Beach Joy,Women,19,107,107,3703.980157852173,34.616636989272635,7.48,20.21445323226834,58.46,30.989999771118164,40.0,34.62,14.4,34.7,35.29,0.0548
Tokidoki,Women,14,61,61,3702.6000022888184,60.69836069325932,1.64,32.24376229099771,52.83,24.0,82.0,60.7,28.45,59.34,57.58,0.0313
Rago,Women,14,84,85,3694.1699867248535,43.46082337323358,12.94,20.016546677904174,46.35,27.25,66.0,43.46,23.44,41.64,44.48,0.0432
Jack,Women,11,57,57,3691.939987182617,64.77087696811608,7.02,35.19648832697401,53.87,48.0,80.0,64.77,29.57,65.1,66.25,0.0292
Sons Of Anarchy,Men,15,101,101,3688.1200523376465,36.516040122154905,8.91,15.824262140274362,42.61,21.989999771118164,59.9900016784668,36.52,20.69,39.95,34.17,0.0513
Hatley,Women,19,102,102,3649.400066375732,35.77843202329151,7.84,14.326176193293875,39.92,21.950000762939453,62.950000762939446,35.78,21.45,36.51,37.18,0.0521
The Pajamagram Company,Men,15,83,83,3638.17010307312,43.83337473582073,18.07,26.299677779751928,59.98,6.989999771118164,59.9900016784668,43.83,17.53,47.77,48.88,0.0422
Glamourmom,Women,11,64,64,3600.0,56.25000000000001,12.5,30.52476556498732,53.87,25.0,69.0,56.25,25.73,51.2,59.46,0.0342
Fashion Forms,Women,36,191,191,3555.070026397705,18.612932075380648,10.99,8.726402849903339,47.1,6.0,48.9900016784668,18.61,9.89,17.78,18.49,0.0972
LeggingsQueen,Women,31,153,153,3537.35010433197,23.11993532243117,9.8,9.221071481527469,39.9,14.949999809265137,29.950000762939453,23.12,13.9,22.95,23.24,0.0774
Alki'i,Women,36,194,194,3528.239959716797,18.18680391606597,8.76,10.139079324083404,55.83,5.989999771118164,31.989999771118164,18.19,8.05,17.76,18.04,0.098
!it Jeans,Women,13,67,67,3496.4999923706055,52.186567050307545,11.94,25.958394709489987,50.16,11.0,119.5,52.19,26.23,56.01,47.6,0.0341
Goddess,Women,15,73,73,3492.200023651123,47.83835648837155,9.59,23.737893851099447,49.8,26.100000381469727,56.470001220703125,47.84,24.1,48.73,44.64,0.0372
Blue Banana,Women,11,62,62,3470.380054473877,55.97387184635286,8.06,27.48134534056017,49.29,41.9900016784668,69.98999786376953,55.97,28.49,56.75,57.68,0.0334
Marrikas,Men,9,57,57,3455.4300956726074,60.62158062583522,12.28,36.845293210818866,60.76,59.9900016784668,62.9900016784668,60.62,23.78,60.74,60.42,0.0292
Ecko Unltd.,Men,18,99,99,3442.249988555908,34.77020190460513,7.07,16.282476197364417,46.63,11.800000190734863,59.5,34.77,18.49,35.71,33.39,0.0501
KR3W,Men,7,55,55,3427.999988555908,62.32727251919832,5.45,33.07444168383666,52.63,43.950000762939446,99.98999786376952,62.33,29.25,59.25,50.87,0.0278
Eileen West,Women,11,51,51,3386.0,66.39215686274513,7.84,26.234627324722556,39.3,50.0,74.0,66.39,40.16,64.71,69.25,0.0259
Wrightsock,Men,23,139,139,3379.010001182556,24.30942446893925,10.07,10.456351840616618,43.31,9.5600004196167,42.0,24.31,13.85,25.85,24.92,0.0704
David's Bridal,Women,12,67,67,3367.0,50.253731343283576,14.93,22.932477607127655,45.66,15.0,69.0,50.25,27.32,50.23,50.43,0.0345
Gildan,Men,22,153,153,3362.790021419525,21.97901974784004,12.42,10.458506238276282,45.67,7.559999942779541,52.400001525878906,21.98,11.52,22.64,23.57,0.0774
Sean John,Men,11,51,51,3348.7600631713867,65.66196202296838,5.88,35.0604272188836,51.03,36.27999877929688,219.9900054931641,65.66,30.6,100.69,52.93,0.026
Stella Elyse,Women,26,129,129,3330.709970474243,25.819457135459253,3.88,10.463873744147147,42.04,13.989999771118164,29.989999771118164,25.82,15.36,25.55,26.72,0.0656
HoodieBuddie,Men,10,66,66,3314.840005874634,50.2248485738581,6.06,22.6393716819085,46.06,25.0,72.0,50.22,27.59,51.54,51.4,0.0344
Danskin,Women,22,115,115,3302.190001487732,28.71469566511071,10.43,15.727903095981475,55.83,9.0,52.0,28.71,12.99,26.48,27.13,0.0591
Wool Overs,Women,15,75,75,3295.0,43.93333333333332,6.67,24.21209337559839,54.94,29.0,56.0,43.93,19.72,46.05,40.6,0.0381
Capezio,Women,32,146,146,3286.839970588684,22.512602538278653,10.96,12.979341575563367,57.17,11.760000228881836,76.0,22.51,9.53,22.64,23.25,0.076
Pull-in,Men,15,92,92,3283.230085372925,35.68728353666221,14.13,18.67975485632423,52.68,14.0,53.68999862670898,35.69,17.01,34.99,34.49,0.0478
Prego,Women,10,53,53,3261.3999938964844,61.53584894144309,9.43,33.88047153369998,54.96,52.799999237060554,72.0,61.54,27.66,61.88,64.4,0.0271
Bjorn Borg,Men,21,128,128,3224.1100130081177,25.18835947662592,11.72,13.086678983933755,50.35,11.949999809265137,49.950000762939446,25.19,12.1,26.9,23.44,0.0653
Ilusion,Women,55,262,263,3211.6299500465393,12.211520722610409,10.27,5.726070708873399,47.31,6.679999828338623,41.97999954223633,12.21,6.49,12.87,11.55,0.134
,Men,12,73,73,3209.069965362549,43.95986253921299,6.85,21.71451245390297,47.69,20.0,89.94999694824217,43.96,22.25,43.22,48.27,0.0375
Angelina,Women,39,203,204,3181.1299686431885,15.59377435609407,7.35,8.202605467553107,53.65,5.989999771118164,25.0,15.59,7.39,15.56,15.25,0.1033
Alex Stevens,Men,16,94,94,3177.9700202941895,33.808191705257336,14.89,16.896618181616127,49.76,25.0,45.0,33.81,16.91,33.8,31.53,0.0476
N2N,Men,16,91,91,3152.960006713867,34.64791216169086,5.49,18.42938509849618,52.87,22.0,49.9900016784668,34.65,16.22,35.31,34.06,0.0462
U.S. Polo Assn.,Women,23,108,108,3150.410015106201,29.170463102835203,12.04,15.449954192760671,52.66,24.989999771118164,44.9900016784668,29.17,13.72,28.43,28.8,0.055
Metal Mulisha,Women,12,59,59,3119.0200233459473,52.8647461584059,5.08,27.60950832558512,52.78,23.32999992370605,80.0,52.86,25.26,53.75,54.66,0.0305
Bigmansland,Men,10,57,57,3113.3499813079834,54.62017511066638,7.02,26.42568175246072,47.81,20.989999771118164,71.98999786376953,54.62,28.19,60.76,59.14,0.0288
Gabby Skye,Women,9,51,51,3106.8000297546387,60.91764764224781,3.92,32.73788270365068,53.75,58.799999237060554,64.80000305175781,60.92,28.18,60.3,60.8,0.0268
Cloris Murphy,Women,23,121,121,3104.789972305298,25.659421258721473,6.61,14.931095441278979,58.05,19.989999771118164,29.989999771118164,25.66,10.73,25.39,26.03,0.0619
FineBrandShop,Men,15,84,84,3102.5,36.9345238095238,9.52,21.857886957448155,58.22,7.5,45.0,36.93,15.08,38.75,36.59,0.0431
Marina West,Women,22,93,93,3098.120086669922,33.31311921150452,12.9,19.622141347156123,58.95,28.989999771118164,36.799999237060554,33.31,13.69,33.32,32.86,0.0481
Vigoss,Women,12,70,70,3094.9900131225586,44.21414304460799,15.71,20.56770982505354,46.79,25.0,74.0,44.21,23.65,44.61,46.07,0.0364
Carnival,Women,15,71,71,3092.0,43.54929577464787,15.49,20.169211289196106,46.32,14.0,64.0,43.55,23.38,43.77,54.0,0.0363
Cuddl Duds,Women,16,83,83,3040.2600173950195,36.62963876379542,7.23,18.86503002942212,53.52,18.200000762939453,62.36000061035156,36.63,17.76,34.66,38.57,0.0433
Coquette,Women,20,79,79,3037.889991760254,38.45430369316777,11.39,18.16939075308562,47.48,6.949999809265137,94.94999694824217,38.45,20.28,39.22,41.2,0.0403
Rip Curl,Women,13,62,62,3021.7800121307373,48.73838729243124,8.06,25.480640740646404,52.08,15.239999771118164,69.5,48.74,23.26,55.96,46.28,0.0316
Fun Boxers,Men,25,166,166,3018.7799892425537,18.185421621943092,10.84,10.74243583236547,58.99,13.5,26.75,18.19,7.44,17.74,17.79,0.0841
Baby Be Mine,Women,11,56,56,3007.3400135040283,53.70250024114336,10.71,28.24053877521584,52.69,16.989999771118164,69.98999786376953,53.7,25.46,55.38,49.19,0.0289
Analog,Men,8,52,52,2981.319984436035,57.3330766237699,13.46,29.0181929182486,50.99,31.770000457763672,84.94999694824217,57.33,28.31,51.93,57.0,0.0267
dollhouse,Women,21,113,113,2968.720006942749,26.271858468519902,7.96,13.685112529616143,51.86,9.989999771118164,48.0,26.27,12.59,26.55,26.75,0.0573
Papi,Men,21,122,122,2951.7899951934814,24.194999960602317,12.3,12.772801118685557,52.79,20.0,30.0,24.19,11.42,23.93,23.54,0.0617
Xtreme Couture,Men,9,57,57,2945.280014038086,51.67157919365062,14.04,24.034903283054707,46.84,34.9900016784668,70.0,51.67,27.64,49.07,55.78,0.0292
TYR,Men,16,84,84,2943.69002532959,35.0439288729713,9.52,14.00317814793566,40.08,24.989999771118164,52.0,35.04,21.04,36.12,35.04,0.0427
Walls,Men,13,75,75,2937.520088195801,39.166934509277354,14.67,20.384862074142557,51.67,12.579999923706056,89.58000183105469,39.17,18.78,38.6,41.23,0.0384
Authentic Pigment,Men,8,61,61,2925.4199714660645,47.95770445026336,8.2,23.211955826227417,46.76,20.0,75.48999786376953,47.96,24.75,48.06,54.7,0.0308
Isotoner,Women,23,99,99,2891.4300365448,29.206364005503026,6.06,17.403621370163727,59.61,14.0,49.950000762939446,29.21,11.8,30.43,26.89,0.0512
Jerzees,Men,19,117,117,2871.509994506836,24.542820465870395,5.98,12.787328004761214,50.98,7.989999771118163,69.98999786376953,24.54,11.76,24.58,25.21,0.0604
Duofold,Women,19,98,98,2864.849983215332,29.233163094034012,9.18,17.2303569965952,58.83,16.0,54.66999816894531,29.23,12.0,32.81,33.67,0.0498
Briefly Stated,Men,26,155,155,2804.6799755096436,18.09470951941705,10.97,10.58437088983733,58.58,9.0,26.989999771118164,18.09,7.51,18.61,17.8,0.0788
ARROW,Men,14,88,88,2793.879997253418,31.748636332425203,10.23,15.168635351426682,47.82,20.0,60.0,31.75,16.58,29.83,32.06,0.0446
Sweetheart Slips,Women,17,69,69,2785.5500526428223,40.37029061801192,7.25,18.781208347331567,46.63,23.950000762939453,59.950000762939446,40.37,21.59,39.79,44.28,0.0351
TheTieBar,Men,28,163,163,2769.3699626922607,16.989999771118157,9.2,10.095223447745086,59.11,8.989999771118164,19.989999771118164,16.99,6.89,17.14,17.13,0.0835
Curve Appeal,Women,24,132,134,2766.2999839782715,20.64402973118114,10.45,11.031173087001081,53.26,14.989999771118164,24.5,20.64,9.61,20.7,20.29,0.0683
Sag Harbor,Women,20,96,96,2764.75,28.79947916666667,9.38,15.346730005602359,52.71,22.989999771118164,48.0,28.8,13.45,28.83,27.35,0.0499
Rampage,Women,23,104,104,2755.990001678467,26.49990386229295,4.81,13.270794552195815,49.6,14.0,59.0,26.5,13.23,25.45,27.33,0.0534
Thorlo,Women,26,115,115,2753.7400302886963,23.94556548077127,8.7,13.640610392447217,57.35,12.590000152587892,44.9900016784668,23.95,10.3,23.92,30.71,0.0582
Rafaella,Women,14,68,68,2747.310028076172,40.40161805994371,5.88,20.666041712338078,51.24,17.950000762939453,62.09999847412109,40.4,19.74,40.71,34.82,0.0345
Chaps,Men,10,65,65,2742.5400466918945,42.19292379525992,10.77,21.86322560687422,50.89,24.989999771118164,60.0,42.19,20.33,46.92,42.17,0.0335
Charles River Apparel,Women,11,61,61,2735.6800575256348,44.84721405779728,9.84,24.665477755516168,54.97,32.95000076293945,68.94999694824219,44.85,20.18,42.59,46.83,0.031
Only Necessities,Women,15,82,82,2722.1800537109375,33.19731772818215,4.88,13.794119655970624,42.22,24.989999771118164,54.9900016784668,33.2,19.4,32.77,33.24,0.0425
Briggs,Women,12,64,64,2685.550003051758,41.96171879768374,12.5,18.995845674722876,45.26,29.940000534057617,48.0,41.96,22.97,41.46,41.87,0.0325
LabelShopper,Men,29,172,172,2628.279976129532,15.28069753563682,6.98,8.024854936896471,51.8,2.990000009536743,49.9900016784668,15.28,7.26,14.4,15.77,0.0872
Sock It To Me,Women,40,191,191,2613.009983062744,13.680680539595523,6.28,7.856032575158036,56.9,7.75,25.0,13.68,5.82,12.03,14.75,0.097
Concitor,Men,13,87,87,2605.6500663757324,29.950000762939453,14.94,16.25011303844256,54.26,29.950000762939453,29.950000762939453,29.95,13.7,29.95,29.95,0.0441
Body Glove,Men,12,61,61,2602.069999694824,42.65688524089877,9.84,17.50300288967189,41.04,30.0,75.0,42.66,25.15,40.07,45.38,0.0315
Gold Toe,Women,37,194,194,2602.0,13.41237113402062,9.28,7.313288670039218,54.69,6.0,16.0,13.41,6.1,14.44,12.97,0.0981
Life Is Good,Men,12,77,77,2593.0,33.675324675324674,3.9,20.114142785858764,59.87,26.0,63.0,33.68,13.56,34.61,29.9,0.0392
Isotoner,Men,12,85,85,2592.4500274658203,30.49941208783318,9.41,18.496717630316425,60.2,14.989999771118164,47.950000762939446,30.5,12.0,33.78,31.7,0.0435
Pacific Legend,Men,11,66,66,2585.02010345459,39.16697126446347,3.03,17.480328311652734,44.51,34.9900016784668,46.950000762939446,39.17,21.69,37.6,40.49,0.034
Toddland,Men,10,61,61,2584.3999938964844,42.36721301469646,6.56,22.63850483186122,53.22,18.0,58.0,42.37,19.73,46.25,41.7,0.0313
Bravado! Designs,Women,14,59,59,2582.7999954223633,43.77627110885361,6.78,23.91529176908651,54.9,31.5,56.0,43.78,19.86,45.11,41.34,0.031
VIVILLI,Women,24,108,109,2579.0,23.660550458715598,12.84,11.207917460317317,47.48,21.0,33.0,23.66,12.45,24.3,23.11,0.0552
Comfort Choice,Women,28,113,113,2575.8699741363525,22.79530950563144,7.08,11.16437733973629,49.32,11.989999771118164,31.989999771118164,22.8,11.63,22.67,24.35,0.0574
Hot Chillys,Men,13,73,73,2556.4400215148926,35.01972632212181,8.22,18.936744341739885,52.9,21.600000381469727,55.0,35.02,16.08,33.02,35.97,0.0371
Match,Men,10,60,60,2552.400100708008,42.54000167846679,13.33,22.041535856400323,51.82,39.9900016784668,42.9900016784668,42.54,20.5,42.99,42.19,0.0332
Carol Wright Gifts,Women,35,137,137,2535.559982061386,18.50773709533858,12.41,8.668278410298244,45.83,3.990000009536743,49.9900016784668,18.51,9.84,16.47,20.34,0.0694
Mommy Paradise,Women,19,94,94,2498.530014038086,26.580106532320062,9.57,15.133262608089002,56.76,17.049999237060547,44.9900016784668,26.58,11.45,26.96,25.96,0.0477
Yelete,Women,30,155,155,2468.8899660110474,15.928322361361603,13.55,7.245752336917496,45.62,8.949999809265137,29.989999771118164,15.93,8.68,15.17,16.97,0.0791
NuBra,Women,11,63,64,2464.720048904419,38.511250764131546,9.38,17.995415229269646,46.73,13.989999771118164,40.0,38.51,20.52,39.98,36.9,0.0331
ASICS,Men,14,82,82,2457.100015640259,29.964634337076323,8.54,16.9933545730489,57.19,21.340000152587887,49.950000762939446,29.96,12.97,31.26,31.39,0.0417
Body Glove,Women,12,60,60,2421.3600006103516,40.356000010172515,5.0,23.27414327040887,57.8,25.0,57.0,40.36,17.08,38.13,51.14,0.0303
WARMEN,Women,19,87,87,2408.2700157165527,27.681264548466128,9.2,16.388062228315963,59.56,8.0,49.9900016784668,27.68,11.29,31.4,24.99,0.0442
Cinema Etoile,Women,15,72,72,2408.099994659424,33.445833259158675,5.56,15.177245820159442,45.49,16.0,50.0,33.45,18.27,33.21,34.46,0.0364
TrendsBlue,Women,47,247,247,2405.669956445694,9.739554479537226,11.74,5.472751808078049,56.63,3.990000009536743,17.989999771118164,9.74,4.27,10.14,9.66,0.1248
Wallflower,Women,23,100,100,2350.3499965667725,23.50349996566773,8.0,11.714674492848427,50.04,12.989999771118164,44.0,23.5,11.79,23.87,23.19,0.0512
Lamaze,Women,19,103,103,2346.0,22.77669902912622,8.74,12.409427164131502,54.48,18.0,28.0,22.78,10.37,22.5,23.88,0.0522
VIP BOUTIQUE,Women,26,139,139,2345.609968185425,16.874891857449096,7.19,9.425227579575942,55.85,6.489999771118164,24.989999771118164,16.87,7.45,16.67,15.82,0.0706
Touch of Europe Flannel Pants,Men,15,90,90,2339.0999794006348,25.989999771118164,8.89,15.83688145443944,60.96,22.989999771118164,27.989999771118164,25.99,10.15,26.29,25.75,0.0455
Charles River Apparel,Men,11,60,60,2335.39005279541,38.92316754659018,3.33,20.649278574754568,53.04,25.0,51.9900016784668,38.92,18.27,41.61,35.8,0.0308
Adriana,Women,13,62,62,2315.900047302246,37.35322656939106,9.68,16.69557534788679,44.77,30.950000762939453,45.950000762939446,37.35,20.66,37.79,37.28,0.0326
Vobaga,Women,12,54,54,2313.2600383758545,42.83814885881212,11.11,22.380078726850062,52.14,26.989999771118164,51.9900016784668,42.84,20.46,36.66,44.26,0.0274
Steve Madden,Women,14,88,88,2306.2999572753906,26.20795405994761,10.23,14.575574734783205,56.8,9.0,79.94999694824217,26.21,11.63,26.99,29.3,0.0445
Stacy Adams,Men,14,80,81,2259.9600172042847,27.900740953139316,13.58,16.01549642337279,55.55,10.0,55.0,27.9,11.89,26.83,26.78,0.0416
Olga,Women,15,72,72,2242.8500118255615,31.150694608688354,11.11,15.399677030658655,49.63,14.119999885559082,44.470001220703125,31.15,15.75,32.94,29.55,0.0364
Intimo,Women,16,78,78,2239.959987640381,28.717435738979248,6.41,11.745757847631364,41.3,10.0,38.400001525878906,28.72,16.97,28.33,28.21,0.0397
La Leche League,Women,13,63,63,2222.0899810791016,35.271269540938114,4.76,19.02902819292595,54.84,17.75,65.0,35.27,16.24,33.85,33.67,0.0319
Aeropostale,Men,12,75,75,2193.8200130462646,29.25093350728354,10.67,13.391842060236206,45.97,13.989999771118164,41.5,29.25,15.86,31.77,27.62,0.0381
Warner's,Women,22,104,104,2189.4799880981445,21.052692193251392,6.73,9.963710334692216,46.85,9.5,35.2599983215332,21.05,11.09,18.0,27.48,0.0531
Dearfoams,Women,13,61,61,2179.099994659424,35.72295073212169,4.92,15.219694993024088,42.56,22.950000762939453,49.0,35.72,20.5,33.94,36.82,0.0315
Medela,Women,13,58,58,2159.670015335083,37.23568991957041,18.97,20.107312170780993,53.52,15.989999771118164,59.950000762939446,37.24,17.13,39.91,37.76,0.0318
Hatley,Men,12,64,65,2157.660047531128,33.19476996201733,10.77,16.33551202388482,50.49,16.899999618530273,52.9900016784668,33.19,16.86,28.7,29.03,0.0331
Drymax Socks,Men,11,70,70,2148.5000534057617,30.692857905796604,8.57,13.104263139554359,42.62,26.950000762939453,32.95000076293945,30.69,17.59,30.83,30.99,0.0362
N2N Bodywear,Men,9,60,60,2146.0,35.76666666666667,5.0,18.442733342813636,50.78,20.0,48.0,35.77,17.32,33.5,33.5,0.0314
Brand Q,Men,9,59,59,2144.6500453948975,36.35000076940505,16.95,22.03789253223948,60.52,29.989999771118164,41.299999237060554,36.35,14.31,37.08,38.11,0.0302
Besame,Women,8,54,54,2141.560043334961,39.6585193210178,12.96,17.816158886447663,45.06,34.25,44.950000762939446,39.66,21.84,39.59,38.92,0.028
Full Tilt,Women,21,94,94,2141.0599784851074,22.77723381367135,15.96,12.293905303563426,53.82,9.989999771118164,29.989999771118164,22.78,10.48,20.55,25.7,0.0476
robesale,Men,7,52,52,2125.4000396728516,40.873077686016366,7.69,23.959609179674835,58.55,29.950000762939453,49.950000762939446,40.87,16.91,41.33,40.45,0.0269
Fashion Victim,Women,14,60,60,2117.399990081787,35.28999983469644,16.67,20.221783629547428,57.0,19.989999771118164,64.98999786376953,35.29,15.07,40.61,33.61,0.0306
District Threads,Men,10,59,59,2087.7200202941895,35.385085089732044,3.39,16.43139064039806,47.12,14.989999771118164,58.9099998474121,35.39,18.95,36.19,30.85,0.03
Braza,Women,32,189,189,2042.4399919509888,10.80656080397348,9.52,5.0183615222735405,46.48,5.929999828338623,23.950000762939453,10.81,5.79,11.41,10.2,0.0957
Underworks,Women,17,74,74,2033.3200225830078,27.47729760247308,8.11,14.0252075975757,50.95,6.489999771118164,54.9900016784668,27.48,13.45,27.1,30.88,0.0383
Roma Costume,Women,19,89,89,2030.0700149536133,22.809775448917,14.61,10.929527727641604,47.74,8.609999656677246,54.950000762939446,22.81,11.88,28.01,22.68,0.0466
Foot Traffic,Women,29,151,151,2012.669988155365,13.328940318909693,9.93,7.408710567909098,55.38,6.949999809265137,25.0,13.33,5.92,13.05,12.82,0.0772
Vx Intimate Inc,Women,15,64,64,1990.800048828125,31.10625076293946,12.5,14.884487106546793,48.06,19.950000762939453,40.950000762939446,31.11,16.22,29.4,31.95,0.0326
Clever,Men,12,74,74,1953.0,26.39189189189189,18.92,12.818756734809165,49.66,18.0,42.0,26.39,13.57,26.97,25.31,0.0383
FEA,Men,13,87,87,1931.1599922180176,22.197241289862266,10.34,9.77159321577059,43.97,16.600000381469727,38.680000305175774,22.2,12.43,21.67,20.26,0.0442
A. Byer,Women,10,56,56,1914.2599964141846,34.18321422168186,8.93,19.576256019082294,55.09,10.460000038146973,55.299999237060554,34.18,14.61,35.68,30.54,0.0289
Aeropostale,Women,9,54,54,1898.2200012207031,35.15222224482785,12.96,16.60148666912457,47.04,19.989999771118164,55.5,35.15,18.55,36.73,36.0,0.0277
High Style,Women,19,89,89,1874.1800022125244,21.058202272050824,10.11,10.0263391271175,46.84,7.989999771118163,36.9900016784668,21.06,11.03,19.07,22.51,0.0451
b.tempt'd by Wacoal,Women,15,84,84,1869.0,22.250000000000007,11.9,10.946142878422204,49.29,10.0,65.0,22.25,11.3,21.58,24.39,0.0429
Wrapper,Women,10,63,63,1864.7399978637695,29.5990475851392,15.87,16.41065618807775,55.6,25.0,52.130001068115234,29.6,13.19,34.85,27.45,0.032
Under Moments,Women,27,149,149,1863.5799627304077,12.507248072016159,10.07,5.907580961270792,47.25,7.0,31.979999542236328,12.51,6.6,11.59,12.15,0.0761
LAT Sportswear,Women,11,61,61,1838.2599925994873,30.1354097147457,6.56,15.830880256255313,52.06,17.280000686645508,46.290000915527344,30.14,14.3,30.69,28.96,0.0311
boxed-gifts,Women,40,187,187,1835.639966726303,9.816256506557771,8.56,5.217216969067782,52.28,1.5099999904632568,43.9900016784668,9.82,4.6,9.04,9.31,0.0947
Sheridyn Swim,Women,16,72,72,1806.7999782562258,25.094444142447575,11.11,14.726970616356788,58.64,19.899999618530277,69.9000015258789,25.09,10.37,26.4,25.4,0.0368
Capelli New York,Women,23,130,130,1789.7499780654907,13.7673075235807,6.92,6.644259363294594,49.77,8.899999618530273,29.989999771118164,13.77,7.12,14.27,14.27,0.066
K. Bell,Women,25,143,143,1786.2099905014038,12.490978954555272,9.09,7.238515925145344,57.53,6.949999809265137,30.0,12.49,5.25,11.87,13.11,0.0728
MJ Soffe,Men,13,81,81,1784.8999977111816,22.035802440878786,17.28,12.13990983011615,55.5,10.0,25.0,22.04,9.9,20.69,21.8,0.041
Mundo Unico,Men,13,73,73,1777.0,24.34246575342466,8.22,12.962123266319194,53.23,16.0,31.0,24.34,11.38,22.76,25.59,0.0375
Popsi Lingerie,Women,14,65,65,1762.370018005371,27.11338489239033,3.08,12.321075235665464,45.07,15.989999771118164,39.9900016784668,27.11,14.79,27.04,27.17,0.0331
UNIONBAY,Women,10,51,51,1762.2499980926514,34.55392153122846,13.73,17.51108391387215,50.57,25.0,50.0,34.55,17.04,36.88,36.17,0.0258
STATE O MAINE,Men,10,55,55,1743.279993057251,31.695999873768205,16.36,19.09593434093297,59.58,11.989999771118164,88.0,31.7,12.6,31.67,23.57,0.0292
Generra,Men,8,52,52,1719.8500022888184,33.07403850555421,7.69,16.254703887134827,48.86,25.0,55.0,33.07,16.82,30.89,31.87,0.0263
Private Label,Men,10,65,65,1710.2099990844727,26.310923062838043,3.08,15.698987728236604,59.12,12.0,43.75,26.31,10.61,23.66,23.81,0.0333
Port & Company,Men,12,66,66,1697.739999294281,25.72333332264063,6.06,12.509480741503692,49.77,6.389999866485596,40.9099998474121,25.72,13.21,25.17,27.32,0.0334
INDERA THERMALS,Men,18,104,104,1687.1599884033203,16.222692196185776,19.23,8.736678192545106,53.76,13.75,18.0,16.22,7.49,16.68,15.92,0.0526
New Balance,Men,12,75,75,1686.2599964141846,22.483466618855797,9.33,11.49405274686812,49.5,12.989999771118164,38.47999954223633,22.48,10.99,20.83,24.92,0.0395
point6,Men,16,90,90,1677.4000396728516,18.637778218587233,12.22,7.9249579403844574,42.47,16.0,22.0,18.64,10.71,18.42,18.43,0.0455
ililily,Men,9,56,56,1650.440034866333,29.472143479755946,17.86,14.028665115685975,46.92,9.989999771118164,44.9900016784668,29.47,15.44,24.16,25.56,0.0286
180s,Women,13,67,67,1603.0399932861328,23.925970049046754,10.45,13.003107118886044,54.17,12.0,30.0,23.93,10.92,25.17,21.93,0.0347
DFDesigns,Men,11,65,65,1595.4599990844727,24.545538447453424,9.23,14.630803400632491,59.65,9.989999771118164,25.5,24.55,9.91,23.78,24.09,0.0332
Saxx,Men,10,51,51,1593.0000286102295,31.235294678631952,11.76,16.732915972755933,53.33,24.950000762939453,36.950000762939446,31.24,14.5,31.74,31.47,0.0261
LibbySue,Women,16,88,88,1589.9499988555908,18.067613623358973,6.82,10.205956260903974,56.49,17.989999771118164,20.0,18.07,7.86,18.0,18.22,0.0447
Up2date Fashion,Women,24,121,121,1557.0599784851074,12.868264285000897,8.26,5.153011975569014,40.06,8.989999771118164,19.989999771118164,12.87,7.72,12.99,13.55,0.0613
Disney,Women,16,73,73,1552.4999980926514,21.26712326154317,13.7,8.860360646152092,41.66,10.0,30.0,21.27,12.41,21.12,20.32,0.0373
YMI,Women,12,55,55,1543.3299922943115,28.060545314442034,9.09,13.257008678929164,47.67,11.329999923706056,38.0,28.06,14.8,28.63,28.78,0.0287
Red Kap,Men,10,63,63,1541.5300102233887,24.468730321006166,14.29,12.932144683722933,52.5,18.350000381469727,44.9900016784668,24.47,11.54,25.27,24.66,0.0325
Assets,Women,17,74,74,1531.0,20.689189189189186,13.51,9.531851366036449,46.79,9.0,50.0,20.69,11.16,19.76,19.0,0.0385
Stance,Men,17,114,115,1518.9299907684326,13.208086876247247,6.09,5.5462560383987425,41.92,8.0,20.0,13.21,7.66,13.41,13.27,0.0592
National,Women,15,56,56,1496.2000427246094,26.7178579057966,7.14,11.680241395200316,44.16,19.950000762939453,34.95000076293945,26.72,15.04,27.25,25.66,0.0289
Russell Athletic,Women,12,58,58,1431.9200229644775,24.68827625800824,8.62,14.354389165398226,57.42,9.989999771118164,37.9900016784668,24.69,10.33,23.43,24.88,0.0299
Lily of France,Women,12,63,63,1425.1299953460693,22.6211110372392,6.35,10.871843137723692,48.15,14.989999771118164,38.299999237060554,22.62,11.75,25.26,21.72,0.032
SockGuy,Men,17,102,102,1419.6500101089478,13.918137354009287,3.92,5.823230901199474,41.82,9.0600004196167,25.0,13.92,8.09,13.0,14.15,0.0524
Next Level,Women,13,61,61,1396.10000705719,22.886885361593272,19.67,10.509602187848746,45.73,13.770000457763672,39.9900016784668,22.89,12.38,22.96,22.82,0.0321
PACT,Men,13,90,90,1378.3499994277954,15.314999993642171,8.89,7.209092760452353,44.88,6.869999885559082,25.0,15.31,8.11,11.87,15.23,0.0458
LabelShopper,Women,13,70,70,1373.299991607666,19.61857130868094,12.86,10.340854218368804,50.89,7.989999771118163,59.9900016784668,19.62,9.28,22.55,17.78,0.0356
Bloom's Outlet,Women,11,57,57,1364.430004119873,23.93736849333111,5.26,13.887386667546625,58.06,16.989999771118164,45.9900016784668,23.94,10.05,21.91,22.37,0.0289
LissKiss,Women,11,55,55,1356.449987411499,24.662727043845436,7.27,11.422215690725485,49.11,14.989999771118164,31.989999771118164,24.66,13.24,24.32,23.29,0.0296
Nvie Designs,Women,16,81,81,1339.0199851989746,16.531110928382397,13.58,7.1767545905192165,46.73,4.579999923706056,49.0,16.53,9.35,14.64,17.94,0.0412
Dickies Girl,Women,13,60,60,1326.499994277954,22.108333237965905,6.67,10.866926298741781,49.25,17.59000015258789,31.0,22.11,11.24,21.14,21.24,0.0312
Next Level,Men,9,56,56,1310.9699897766113,23.41017838886806,12.5,10.924088151230764,46.05,15.510000228881836,29.989999771118164,23.41,12.49,22.91,24.21,0.0285
Icon,Women,12,59,59,1278.0,21.661016949152543,6.78,9.196338962037434,42.91,18.0,25.0,21.66,12.46,20.82,21.37,0.0299
180s,Men,9,54,54,1247.9699954986572,23.110555472197348,14.81,13.577031641149965,58.66,13.81999969482422,30.0,23.11,9.53,22.49,24.0,0.0287
K. Bell,Men,22,127,128,1236.0,9.656249999999995,5.47,3.785429673647741,39.48,8.0,15.0,9.66,5.87,10.0,8.81,0.0655
Reebok,Men,9,71,71,1230.7500066757202,17.334507136277743,4.23,8.244394404000277,46.36,12.0,25.0,17.33,9.09,18.15,17.07,0.0364
Snoozies,Women,15,79,79,1221.7299919128418,15.464936606491666,12.66,8.989983137301342,57.39,12.949999809265137,29.950000762939453,15.46,6.47,14.88,15.24,0.0401
Soho Girls,Women,25,132,132,1162.9799752235413,8.810454357754095,7.58,3.869169983773707,43.84,4.989999771118164,19.989999771118164,8.81,4.94,8.51,8.3,0.0668
DG Eyewear,Women,21,115,115,1110.3199920654297,9.654956452742864,8.7,5.46130414674577,56.31,3.990000009536743,14.989999771118164,9.65,4.19,8.31,8.86,0.0584
boxed-gifts,Men,14,85,86,1109.279999256134,12.898604642513183,16.28,7.731127802991587,59.99,3.4600000381469727,32.9900016784668,12.9,5.17,11.42,10.54,0.0437
Forever Collectibles,Men,9,52,52,1087.4799880981445,20.91307669419508,13.46,8.301509500177541,39.71,19.989999771118164,22.989999771118164,20.91,12.61,21.05,20.85,0.0263
Berkshire,Women,21,99,100,1081.8999960422516,10.818999960422515,9.0,5.93054948766607,56.88,3.200000047683716,28.68000030517578,10.82,4.89,9.01,10.94,0.0509
Munsingwear,Men,11,65,65,1064.0899982452393,16.37061535761907,12.31,8.53411520603099,52.48,11.899999618530272,25.0,16.37,7.84,15.61,17.36,0.0331
Seirus Innovation,Men,7,51,51,1051.390007019043,20.615490333706724,11.76,12.489678744094615,60.56,10.989999771118164,29.520000457763672,20.62,8.13,22.51,19.03,0.0261
YogaColors,Women,14,61,61,1035.2899894714355,16.971967040515334,13.11,8.362585168565312,48.3,10.989999771118164,28.0,16.97,8.61,16.27,16.4,0.0308
Florsheim,Men,7,57,58,1010.0,17.413793103448278,3.45,6.861551702102839,39.96,10.0,25.0,17.41,10.55,18.75,18.33,0.0304
Sock It To Me,Men,15,106,106,1008.3699979782104,9.5129245092284,14.15,3.76249016532576,39.74,6.5,12.300000190734863,9.51,5.75,9.55,9.42,0.054
Bristols 6,Women,13,60,60,986.0,16.433333333333334,10.0,7.63283334520335,46.73,10.0,25.0,16.43,8.8,17.42,16.42,0.0303
Buxton,Women,12,65,65,976.2100019454956,15.018615414546083,10.77,8.332994794772759,55.67,4.380000114440918,28.690000534057617,15.02,6.69,15.91,13.89,0.0329
Groovin',Men,9,56,56,973.4399871826172,17.38285691397531,10.71,9.214250046048113,53.03,14.989999771118164,19.989999771118164,17.38,8.17,17.92,17.41,0.0285
Acura,Men,7,54,54,971.4599876403809,17.989999771118164,3.7,10.69505489344496,59.45,17.989999771118164,17.989999771118164,17.99,7.29,17.99,17.99,0.0277
Ozone,Women,12,62,62,926.8000078201294,14.94838722290531,17.74,7.800484763103113,53.31,9.0,33.75,14.95,7.15,16.08,13.69,0.0313
Xfy,Women,13,57,57,849.0999927520752,14.896491100913602,7.02,8.00169904931531,54.11,8.989999771118164,23.989999771118164,14.9,6.89,14.53,16.93,0.0293
Hollywood Star Fashion,Women,11,53,53,848.4099979400635,16.007735810189885,15.09,8.157045271510631,48.26,7.989999771118163,32.0,16.01,7.85,14.04,18.3,0.0268
Marshal,Men,7,59,59,840.0799980163574,14.238644034175545,10.17,8.71156136160301,60.93,4.630000114440918,25.0,14.24,5.53,13.2,14.15,0.0322
Alki'i,Men,10,58,58,813.4199867248535,14.024482529738856,15.52,6.959773669521917,51.23,8.989999771118164,24.989999771118164,14.02,7.06,13.61,14.79,0.0297
LOCOMO Leggings,Women,9,64,64,738.3599853515625,11.53687477111817,14.06,5.859208166343365,50.89,8.989999771118164,14.989999771118164,11.54,5.68,10.38,11.59,0.0327
HUF,Men,8,52,52,701.0,13.480769230769234,3.85,5.088557674907721,37.87,12.0,15.0,13.48,8.39,13.78,13.0,0.0264
Wigwam,Women,10,52,52,659.9599962234497,12.691538388912495,9.62,7.241405153260358,56.98,9.59000015258789,18.0,12.69,5.45,12.7,12.17,0.0265
TrendsBlue,Men,10,64,64,596.0899920463562,9.313906125724317,15.63,5.597693219140012,60.51,4.96999979019165,13.93000030517578,9.31,3.72,9.09,8.57,0.0329
Greatlookz,Women,10,52,52,425.44999957084656,8.181730760977818,9.62,4.398764996778834,55.75,3.5,36.950000762939446,8.18,3.78,11.16,8.39,0.0269
TopTie,Men,9,52,52,200.9499969482422,3.8644230182354264,9.62,2.3436142018479913,60.76,2.5899999141693115,5.989999771118164,3.86,1.52,3.91,3.82,0.027
